date,number_of_rides,number_of_riders,number_of_vehicles_used,median_ride_distance_meters,median_avg_speed,median_ride_duration,number_of_ready_vehicles
2019-04-27,8391,5831,1122,864.1743801206408,5.4898249860101975,9.733333,NA
2020-09-01,13176,7574,2962,1274.4040167145135,12.29682955130886,6.616667,3621
2019-02-15,6072,4462,1703,791.800661049487,7.459770407594128,7.316667,NA
2019-09-25,12199,8598,3035,1301.1167741953532,13.349907716117047,6.016667,6651
2019-07-04,12267,8614,2711,876.581699460779,8.997237727054399,6.616667,6336
2019-04-22,5110,3509,883,781.0388122153861,5.237826303355872,9.55,NA
2020-05-17,3930,2895,1725,1131.3351713578775,11.73778832184831,6.15,4043
2019-10-26,8344,6279,2986,1252.8428743509176,12.946298833668987,5.983333,5684
2019-06-10,9229,6693,1547,865.2692216714208,7.596996278044278,7.766667,NA
2019-05-10,7943,5851,1285,859.6993186789456,7.587636852301919,7.766667,NA
2019-06-12,10031,7154,1701,910.3209561246415,8.937525351539026,6.983333,NA
2019-12-22,2878,2125,1307,1305.0068596542865,13.785295250956864,5.833333,2847
2019-10-19,11505,8184,3647,1355.574269220719,12.674279217530012,6.583333,5878
2018-09-24,2137,1414,371,0,0,7.716667,NA
2018-10-07,1153,875,237,0,0,11.883333,NA
2020-02-01,4650,3432,1443,1326.2387576445303,13.447087738132067,6.066667,2148
2019-02-01,1079,859,504,737.5976572660993,7.263098954143255,6.5,NA
2019-06-06,13615,9508,1743,933.9719995332885,5.614560851117166,10.366667,NA
2020-05-09,7320,4996,2135,1212.813798775604,11.739850408229259,6.55,4714
2021-03-01,5696,3078,1671,1295.8721912650444,12.462170951936047,6.75,2398
2019-07-10,17418,11112,3384,925.3563793127419,8.316810915904021,7.566667,6867
2021-05-11,15743,7986,3560,1447.729115839488,12.825577532947877,7.316667,4514
2020-01-04,3365,2477,1296,1310.8146840649817,13.651618426771568,5.7,2294
2021-05-08,13965,7266,3174,1418.2947070452492,11.973857951663984,7.716667,4040
2018-12-31,1218,881,441,688.9919862512597,5.967462828392338,7.466667,NA
2019-12-03,4025,3076,1824,1247.4165918280896,14.10217348523868,5.416667,4386
2019-04-17,4771,3415,756,856.8637912151713,7.735397022664819,7.5,NA
2019-04-12,4200,3213,711,812.9388510907518,8.60847308563984,6.466667,NA
2021-05-03,10541,5506,2433,1065.7856521883243,10.815772174207533,6.983333,3277
2018-09-06,869,579,117,0,0,7.483333,NA
2019-05-03,8385,5830,1119,799.8720481169706,6.9522602202484265,7.45,NA
2021-05-27,11645,6287,3872,1213.480680115375,12.721223483935683,6.083333,5624
2020-07-05,4447,3072,1683,1153.4304963707018,11.838724945407296,6.35,3330
2018-12-08,2988,2169,703,655.3840204975916,5.2575155444701505,7.65,NA
2019-11-11,6624,4880,2994,1279.0211530507672,14.390794946167834,5.5,6396
2019-07-05,15924,10944,3032,831.9804225081377,8.588461007992034,6.666667,6542
2019-04-25,6247,4415,865,846.8215160820274,8.195523471847011,7.016667,NA
2020-06-28,9486,6184,2164,1429.9544058906108,11.621269072893256,7.8,3970
2020-02-18,4818,3539,1600,1334.349125122234,15.137980780501277,5.483333,2161
2020-01-25,4669,3542,1369,1294.6226594044342,13.435120174326572,5.916667,2218
2019-10-11,14538,10285,3839,1341.2439736556703,13.827474028523334,6.033333,6636
2021-04-17,11175,6112,2401,1465.6569326124109,12.388662619988885,7.616667,3070
2018-10-05,1573,1210,262,0,0,7.216667,NA
2021-08-07,9857,6138,3697,1130.5239165279963,11.742819157002746,6.45,6702
2020-10-16,14952,8612,2980,1156.8618750031158,11.729863427158786,6.333333,3910
2019-10-22,9159,6573,3185,1352.0291888548338,14.43910349565448,5.716667,6231
2019-07-23,10915,7161,2538,871.6646921638899,8.045497138930342,7.4,5588
2020-07-16,10902,6168,2468,1366.8945269851608,11.450978965272391,7.683333,3425
2019-07-29,13564,8798,3037,876.2269352292712,8.05744793078259,7.416667,5300
2020-11-23,6960,4005,2062,1128.6869144940192,12.119979295700617,6.066667,2832
2020-04-12,2418,1772,1157,1158.6282767596506,11.92387434436505,6.15,2480
2019-11-02,8865,6525,3176,1308.5910671008244,12.797735424588698,6.366667,6240
2021-01-27,238,210,206,1223.5038214405943,11.717663286015199,6.2916665,2716
2019-12-26,2836,2155,1278,1236.8900919387847,13.69770986404846,5.625,2604
2021-09-13,19538,10456,5152,1420.4316938202746,13.47928142273354,6.816667,6962
2020-11-22,5433,3150,1744,1161.4468013894752,11.629037614807075,6.533333,2756
2020-09-12,9938,6095,2747,1080.122793824009,11.562140111433763,6.1,4165
2020-03-11,4624,3397,1688,1100.3588441753768,12.073718398798118,5.716667,2649
2020-05-21,7392,4940,2274,1206.9338839134543,11.346683654150656,6.833333,4010
2020-04-20,3473,2453,1326,1156.2432202107652,12.329068099376359,5.95,2660
2020-12-29,5013,2692,1652,1068.1319872962167,10.793862705958711,6.466667,2945
2018-08-27,28,20,13,0,0,8.733333,NA
2018-11-10,3226,2279,612,0,0,8.5916665,NA
2021-06-01,20663,10273,4954,1423.8577798010488,12.836967251493068,7.183333,6243
2021-06-30,26971,12605,4476,1508.9708502248131,12.513551037174556,7.916667,5505
2019-03-07,2578,1915,790,765.2882144810135,8.433933552638067,5.916667,NA
2019-12-01,2744,2181,1502,1217.0916010934995,13.271376658888165,5.65,4351
2019-05-05,8303,5544,1198,844.590546405215,5.362462397661151,9.783333,NA
2020-10-23,14335,8301,2861,1116.1803574784813,11.569106890813488,6.133333,3665
2019-08-15,15014,10287,3264,891.0593928729942,8.675617669411755,6.983333,5255
2020-07-13,7444,4420,2042,1271.415150663329,11.797426477992346,6.983333,3866
2019-11-10,4436,3482,2399,1220.8708642309712,13.541744400746502,5.516667,5983
2020-02-02,3161,2430,1256,1390.6314594827165,14.060303684843886,6.033333,2128
2020-10-04,7554,4383,2228,1199.128363969201,11.628765241216115,6.633333,4111
2021-01-20,3195,1815,1287,1116.5205872861645,10.934446052780821,6.45,2668
2020-08-01,17798,9394,2825,1413.1614822273714,10.458156110192668,8.683333,4526
2018-10-29,2709,1928,547,0,0,7.733333,NA
2020-05-13,4398,3070,1667,1039.803737854541,12.019438440310797,5.3916665,5762
2019-08-05,12341,8309,3134,876.9428055641438,8.711412962856198,6.85,5369
2019-11-28,7184,5258,2680,1316.3216768003267,14.070236757470754,5.775,5184
2019-03-12,2995,2211,773,776.7273888577456,8.548231219936099,6.083333,NA
2020-01-28,3882,2949,1274,1317.4530622840166,14.806499665550128,5.433333,2512
2021-02-27,6925,3813,1889,1316.4933096957227,11.672209200366567,7.316667,2460
2019-09-02,11362,8067,2844,867.2390997062589,9.40653974337478,6.1583335,4999
2020-06-09,9316,6130,2365,1189.7509908118336,11.355014046089284,6.675,3507
2018-11-28,3347,2508,759,0,0,6.566667,NA
2020-07-02,10662,6616,2198,1342.5771042482854,12.092810716128083,6.966667,3474
2021-03-28,4848,2635,1634,1280.5304832234683,12.681321312787063,6.6,2870
2021-08-14,25976,13131,5413,1467.077831548877,11.742228427591133,8.183333,6912
2019-01-03,1271,934,461,767.9146893205339,7.378048918444827,7.15,NA
2021-06-12,21537,10649,4261,1395.0829834402296,11.226979079912995,8.116667,5714
2020-02-25,4137,3016,1523,1296.0266005959488,15.095657766422338,5.25,2214
2019-06-01,10764,7320,1512,768.3984968198981,5.574233246440834,8.483333,NA
2019-05-23,8095,5962,1482,758.2905329553367,7.057400415527407,7.116667,NA
2020-07-29,11404,6207,2633,1257.3507432165954,11.141094914548367,7.4,4275
2019-01-25,1364,1058,417,741.5184266279064,7.79767033379005,6.383333,NA
2018-12-01,3014,2180,686,0,0,7.9083335,NA
2021-06-05,35528,15445,5306,1633.7920983796748,11.149516687829337,9.383333,6244
2019-12-10,1610,1284,833,1219.4578840593454,13.137385166050546,5.725,3537
2020-06-06,6018,4307,1965,1007.1387915376254,11.099631565721603,5.916667,3308
2021-07-27,27173,11610,5232,1591.4977501529486,11.728619532432441,8.85,6503
2021-08-24,21741,11460,5398,1453.703278826834,13.164604647546502,7.116667,7072
2019-06-14,14190,10275,2217,969.7360690019593,8.376479085712695,7.8,NA
2018-12-18,326,242,80,844.774463225416,7.848882691131335,6.7,NA
2020-07-10,11486,6941,2303,1245.4765182022397,11.600545523987211,6.9583335,3973
2019-05-13,6704,4748,1292,843.7040775290653,8.70514004515885,6.5916665,NA
2019-06-15,17628,11627,2255,945.3336777847201,7.096642932304328,8.966667,NA
2020-04-30,5976,4144,1976,1131.5831390955802,12.015043538990573,5.883333,5531
2018-11-21,3963,2939,730,0,0,6.783333,NA
2021-06-21,27020,12522,4401,1584.6745833066143,12.319308231047502,8.383333,5435
2019-01-13,1077,839,440,745.1095239445109,6.9259802582458825,7.233333,NA
2021-08-09,17039,8952,4888,1443.7985244045256,12.939806281901534,7.35,6853
2019-05-26,6085,4484,1444,641.4845476097548,5.713792014497392,7.383333,NA
2019-08-09,17393,11901,3667,867.317613551296,8.215261424126936,7.033333,5167
2018-11-17,2868,2166,552,0,0,10.25,NA
2020-08-24,11501,6621,2674,1301.406241828752,12.47316567305772,6.75,4278
2020-01-14,3726,2792,1236,1322.1353172733407,14.425577596467612,5.516667,4299
2018-08-31,60,39,15,0,0,8.391667,NA
2020-02-09,2407,1920,1146,1291.1987583465764,14.070476507137755,5.666667,2290
2020-09-29,13295,7483,3105,1260.6653658374476,12.34408483431118,6.533333,4416
2019-09-14,11362,8190,2819,840.8025856755003,8.267867943957828,6.866667,5435
2019-04-20,6502,4116,970,781.3515897362253,4.363006733094869,11.4416665,NA
2020-10-08,13700,7824,2835,1234.7491097458337,11.853424933756262,6.683333,4217
2020-10-20,10006,5790,2706,1108.6949842551926,11.933158196014293,5.883333,3688
2018-10-16,2238,1612,382,0,0,7.875,NA
2019-06-30,16954,11307,2615,951.3033351911474,7.255751707242748,9.016667,5548
2018-09-03,722,478,113,0,0,8.4416665,NA
2020-04-15,4256,2946,1514,1204.758350549751,12.18653180094838,6.216667,2766
2019-09-26,12526,8798,3117,1315.8414561695208,13.335048988745672,6.1,6475
2021-03-02,6433,3453,1706,1343.8715354334997,12.528253256450084,7.016667,2411
2020-12-19,6280,3648,1710,1114.579111682887,10.682762043908632,6.783333,2671
2019-01-19,876,697,399,611.8854851624276,5.772033138620833,7.1,NA
2021-01-24,4206,2404,1538,1166.3398479364632,11.326763769568213,6.525,2605
2018-11-07,3521,2530,573,0,0,7.033333,NA
2020-11-06,11813,6601,2265,1201.1278432151428,11.98181940430352,6.4,2815
2019-04-23,5494,3818,915,873.3219811234482,7.846264631574518,7.266667,NA
2020-04-04,3242,2391,1292,1169.4160522336842,11.601858337528958,6.3,2954
2020-03-29,2266,1688,1192,1138.6161361109803,12.100324748248976,5.833333,4036
2018-10-14,1661,1267,339,0,0,12.766667,NA
2021-04-20,10625,5566,2421,1451.3142999048632,12.88943477591664,7.333333,3074
2021-02-22,3241,1792,830,1237.0123352114983,11.615273256518812,6.716667,1090
2021-06-18,38203,18532,4894,1433.4885485347431,10.848734347066342,8.8,5535
2020-12-20,4876,2792,1534,1093.4496179161652,10.902179197618352,6.6,2664
2019-03-23,5679,3886,1003,646.9510820199731,5.013082220536238,7.866667,NA
2018-12-13,2767,2146,594,740.5801284832278,8.263171883136911,6.15,NA
2019-08-27,15146,10387,3081,896.8883711869041,9.012870296429561,6.633333,5077
2020-07-09,10622,6227,2280,1310.6947453485104,11.6661565053428,7.283333,4016
2021-06-25,16850,7443,3841,1620.904849936605,10.478564209075559,10.025,5565
2019-04-26,8002,5688,972,868.6226279856276,7.54271416642642,7.55,NA
2019-02-16,7440,5517,1892,753.1665742726418,4.548980948534076,10.333333,NA
2021-07-10,30693,14240,4605,1647.8996853568722,11.63839847568549,9.15,5788
2018-09-25,1969,1394,313,0,0,7.25,NA
2021-08-06,26638,13596,5344,1420.43373449497,12.007399841811374,7.733333,6682
2020-08-20,15492,8681,2798,1387.2628230428563,12.174932190818456,7.383333,3960
2019-02-12,3768,2772,1343,812.5280914861789,8.170162853764015,6.716667,NA
2019-08-16,18884,13080,3430,893.5767360073966,8.464456270014736,7.133333,5263
2021-02-19,2449,1306,728,1164.9978214558155,10.707882070788589,6.933333,946
2019-02-13,4312,3142,1466,802.6494004763128,7.880774063878997,7.075,NA
2021-07-07,18450,9472,3924,1415.1811589822441,12.858365532549957,7.1,5700
2021-08-28,24107,13130,5275,1305.887886240614,11.71313264996148,7.416667,7046
2018-11-12,2999,2207,540,0,0,6.816667,NA
2021-01-17,8,7,8,1003.8533485358162,8.064380448781165,7.725,2712
2019-02-09,2476,1854,934,835.9673468518079,5.670014386163924,9.225,NA
2020-09-23,14486,8178,3281,1309.0884978407094,12.428273429964198,6.766667,4893
2019-08-17,16125,11296,3144,939.034465247404,7.675412468062167,8.133333,5022
2019-03-22,5675,3896,912,687.7078127380892,7.676192513231103,5.85,NA
2021-03-10,3892,2126,1497,1240.0529506546509,11.74947408089767,6.616667,2857
2021-06-22,26869,12549,4380,1527.5108284753094,12.294680404855628,8.05,5491
2020-11-30,6737,3979,2093,1085.6371326105254,11.916732187132279,5.766667,2813
2020-12-17,7264,4208,1824,1138.7393660262624,11.472127462630322,6.266667,2682
2020-04-03,3294,2453,1254,1075.2375803377697,11.94343359145967,5.6416665,3714
2018-11-26,3405,2540,736,0,0,6.75,NA
2020-10-28,11533,6352,2603,1164.6702971801176,11.755863088523997,6.483333,3467
2020-02-21,5995,4478,1688,1331.4527290730466,14.804449808443087,5.583333,2209
2019-11-05,6942,5134,2796,1261.4735145195714,14.280852581674468,5.433333,6351
2020-09-07,12329,6800,2819,1260.739177757488,12.37007804673862,6.566667,3713
2019-03-21,4460,3090,913,724.288853003307,8.445304696581568,5.7583335,NA
2020-01-27,4331,3213,1346,1326.01683035767,14.780633876904888,5.483333,2213
2020-12-18,8952,5109,1978,1120.3515156334165,11.157621787520444,6.416667,2720
2019-08-30,20412,13942,3420,849.3638148957685,8.358095134429707,6.783333,5159
2019-10-02,8063,5998,2830,1218.9937827709484,13.744313267347028,5.4,6459
2018-10-06,1329,995,238,0,0,9.883333,NA
2019-07-14,13424,8687,3140,884.542140097933,7.322748820223386,8.316667,5917
2020-02-14,6108,4481,1661,1324.463333583592,14.215864891886092,5.766667,2157
2018-10-08,1289,982,226,0,0,6.85,NA
2020-06-15,7679,5062,2102,1238.8205661022023,11.473300956626463,6.816667,3497
2021-06-07,23704,10878,4749,1504.5664446501598,12.569389121842551,7.766667,6180
2020-05-23,4926,3390,1909,1021.541367527188,11.439897976512906,5.783333,4024
2018-11-29,3156,2377,722,0,0,6.4583335,NA
2020-07-03,14392,8948,2447,1341.230901711292,11.661405086167763,7.383333,3336
2021-06-24,25680,11664,4421,1422.0320849640734,12.003253632399897,7.75,5555
2021-08-18,17069,9530,4844,1356.362205384809,13.144882511847827,6.666667,6980
2019-05-29,10567,7754,1557,783.1978937634168,6.917439806919044,7.6,NA
2019-04-06,4053,2909,626,741.7075648667511,5.418469189450309,8.483333,NA
2020-12-15,7096,4078,1840,1169.34956895326,11.7233278746595,6.425,2669
2019-08-14,15428,10758,3358,899.595050205469,8.66891116533769,6.966667,5288
2020-10-11,8791,5074,2395,1215.7153299322595,11.636380635631696,6.816667,3834
2021-05-30,19138,9060,4528,1578.5125261189314,11.681360520162317,8.716667,5923
2020-11-18,8574,4834,2160,1242.0971755982919,12.27968432788104,6.5,2739
2021-05-26,7252,3962,2963,1092.2614454841046,12.249664318816546,5.733333,5495
2019-12-28,2640,1979,1212,1174.13682696131,13.138871398751837,5.516667,2574
2020-10-26,10116,5556,2538,1175.0104494937277,11.683256533541137,6.5,3612
2021-04-02,6391,3199,1765,1354.123045631842,12.215404824577991,7.233333,2852
2018-08-29,69,40,20,0,0,11.2,NA
2020-07-28,8775,4779,2405,1185.022087043906,11.281654449587528,6.866667,4131
2020-02-05,4495,3372,1395,1316.4935077501166,14.885747875297252,5.383333,2268
2020-06-03,9171,5965,2353,1172.4562298255892,11.288531169604877,6.566667,3719
2021-01-07,3681,1893,1362,1064.4799660773206,10.210939391138684,6.65,2930
2019-11-08,9643,7074,3381,1281.7396528934876,13.631652657370351,5.833333,6648
2019-08-03,18955,12596,3329,908.0197660504283,7.019619111370353,8.516667,4784
2019-08-28,15813,10882,3105,908.2210963398883,9.07732361167918,6.783333,4958
2020-07-27,11105,5793,2528,1302.2329247638363,10.964092576003036,7.766667,4094
2020-05-10,3709,2594,1561,1164.3728985459825,12.100291218211185,6.066667,4153
2021-02-02,1,1,1,1169.5736215553939,5.018432822369576,13.983333,2599
2021-04-21,10635,5739,2485,1387.8743500181038,13.13322393401439,6.65,3108
2021-04-22,7080,4014,2138,1154.0838696908133,12.873886677567725,5.65,3150
2020-03-08,2671,2057,1156,1166.0570190282215,12.676359162209812,5.683333,2162
2019-09-13,14329,10340,3082,881.6580612360622,9.194232568157462,6.35,6001
2018-10-12,1736,1330,294,0,0,7.608333,NA
2019-10-06,7024,5229,2841,1253.6692932302494,12.82530671028962,6.016667,5770
2018-12-05,3523,2649,713,690.9093088008264,7.817449565397849,5.983333,NA
2020-10-06,9897,5671,2515,1180.651320712705,12.257095095701569,6.15,4433
2018-10-27,3200,2259,599,0,0,8.675,NA
2020-12-09,7397,4275,1934,1161.7248199294463,11.833826261485564,6.3,2728
2020-03-21,2019,1579,863,1099.9271001518164,11.58567185025902,5.816667,1970
2020-02-08,4238,3197,1514,1254.23621536052,13.387370695323055,5.783333,2317
2020-08-14,19914,10999,2911,1403.9450632106837,11.71156592043637,7.683333,3276
2021-01-06,3909,2045,1445,1011.7966446455328,10.463679366042326,6.183333,2864
2019-09-24,9484,6821,2607,1311.5591933716903,13.587754513966148,5.9416665,6250
2020-08-31,10688,6201,2684,1208.8704445815197,12.43680810797514,6.25,4309
2019-01-10,1574,1176,507,794.6703996456297,8.624067755759542,5.983333,NA
2019-08-04,10067,6849,2768,843.9546731526249,7.785367432601443,7.533333,4791
2020-06-26,17127,10746,2651,1402.6392116265583,11.565040901312253,7.75,4154
2018-10-17,2206,1564,357,0,0,7.6,NA
2019-07-07,11515,7860,2806,848.9716415897974,7.6918768307738485,7.75,5723
2020-01-08,3802,2831,1266,1364.8771598368412,14.936376221714749,5.616667,2366
2020-09-05,16208,9095,2956,1258.5168846633164,11.40221007295283,7.166667,3673
2021-07-21,23554,10374,4928,1581.9889815506351,12.008207919553435,8.466667,6466
2021-01-19,2298,1383,1049,1160.5440703342235,10.70342535616464,6.766667,2694
2021-08-08,12747,7349,4241,1358.473064350628,12.520749685499986,7.283333,6710
2020-03-03,3656,2769,1347,1171.1864999864829,12.875731405168406,5.5,1955
2019-06-20,15605,10119,2777,886.5366771686779,8.496612649313887,7.283333,NA
2019-07-08,13355,8691,3096,886.8549347617429,8.707900052680653,6.95,6229
2021-01-08,5456,2951,1672,1071.1735617674424,10.73742647532502,6.45,2949
2021-07-01,31671,14515,4701,1572.1280895030654,12.394719650328161,8.35,5554
2020-09-25,20702,11385,3480,1221.5093613921458,11.763353507945904,6.766667,4437
2020-04-02,2727,1994,1205,1100.282007750472,12.105691185898957,5.683333,4004
2018-09-07,1334,883,166,0,0,7.616667,NA
2020-09-26,16199,9181,3131,1192.6120627399291,10.975580697127636,7.033333,4355
2021-05-24,12323,6433,3669,1365.7589889210756,13.199644810689733,6.683333,5046
2021-08-04,24230,10927,5102,1495.9377776929862,11.853498906495158,8.233333,6510
2019-01-11,1989,1493,511,748.220986435162,8.232244213722526,5.95,NA
2021-04-10,9778,5344,2348,1399.2328988748752,12.164494735740886,7.366667,3054
2021-06-14,24501,11443,4590,1454.0417082484469,12.248269404802022,7.766667,5795
2019-08-20,13739,9706,3241,955.9295529017895,8.954613220989739,6.983333,5143
2020-08-10,12146,6636,2510,1355.6232217598556,11.85620623924931,7.433333,3343
2020-09-19,16117,9089,3232,1253.4116290732472,11.16397612919369,7.333333,4408
2018-09-15,814,551,144,0,0,10.716667,NA
2019-08-19,13125,9146,3266,932.8268645209304,8.833029409218227,6.95,5139
2019-09-17,10107,7271,2876,880.2403176786725,9.594424217240443,5.966667,6072
2018-09-20,1497,1066,230,0,0,7.216667,NA
2020-03-28,2999,2252,1237,1135.1138926008057,12.049883337806872,5.95,4658
2019-01-21,1078,839,517,728.0287657342819,7.812577753731865,6.216667,NA
2019-02-07,834,624,327,831.6364504506964,8.104059936746904,6.525,NA
2019-02-08,1991,1516,784,775.9006516386738,7.309867353073879,6.966667,NA
2019-10-18,12798,9208,3643,1337.2682429385504,13.873433786428315,5.966667,6161
2020-12-03,7591,4544,2047,1136.1096538191273,11.82485387710349,6.15,2767
2019-11-14,7108,5129,3179,1247.3388904266133,13.906956220404432,5.5,6575
2020-07-26,10308,5644,2458,1375.0629367672723,10.746090634725011,8.283333,3903
2019-07-24,14058,9014,3134,892.5068869051686,7.795449489581239,7.616667,5370
2020-02-24,3699,2726,1466,1272.5223523454538,15.013483840772885,5.3,2219
2020-08-09,11790,6488,2456,1423.2091866714356,11.506690251603562,7.95,3096
2020-05-07,6180,4174,2164,1156.6138489185191,12.256781876771734,5.95,5398
2019-07-17,3621,2699,808,894.1848681372297,8.510701838206758,7.133333,5234
2020-12-24,2513,1586,1186,1006.3310863262736,10.568577466118342,6.1,2786
2020-12-04,7064,4245,1941,1101.6425812191549,11.48678651473439,6.233333,2788
2019-10-24,10764,7658,3420,1378.3810996447237,14.4187200410537,5.9,5693
2019-03-31,3620,2512,694,748.2242180545995,6.2340773537893135,7.766667,NA
2020-06-01,9726,6306,2375,1247.0247395847205,11.148477194920178,7.116667,3603
2020-06-24,11973,7571,2442,1404.9231130721532,12.072185408772384,7.4,4031
2020-04-17,4901,3490,1526,1134.1893615707904,12.047715915283057,6,2775
2018-12-06,3783,2797,770,723.163927837515,7.824637726615003,6.233333,NA
2019-09-12,13689,9868,3210,906.5003143132113,9.339838189833825,6.383333,5903
2019-05-19,7107,4985,1503,854.94002098,7.009642878700138,8.216667,NA
2019-05-15,8508,6139,1303,933.0412163758815,8.636446829918064,7.216667,NA
2020-07-25,15402,8000,2748,1338.8789177681633,10.150199665597963,8.383333,3849
2020-02-19,5336,3855,1636,1385.8955859317025,15.18422371302206,5.666667,2240
2020-11-28,6623,4005,2043,1012.2567120919531,11.073583178795754,5.966667,2844
2021-03-21,4934,2655,1727,1355.4122293970026,12.446094710189346,6.925,2897
2020-07-20,8442,4620,2277,1277.8061718339482,11.560006475969466,7.266667,3720
2020-11-07,8981,5101,2067,1175.7984555368464,11.44677490067559,6.516667,2821
2019-02-11,2928,2152,1160,795.100146527473,8.159855778531803,6.683333,NA
2020-12-10,7665,4626,1925,1152.213746624363,11.723636987519408,6.283333,2696
2018-10-20,2885,2010,531,0,0,11.5,NA
2020-05-14,5843,3957,1977,1128.6566967545862,12.122395136284155,5.916667,5452
2021-08-10,18009,9326,5044,1427.9123093681417,12.840634730424394,7.3,6923
2019-06-23,10273,6862,2410,896.7570761423597,7.244519527721411,8.516667,NA
2021-07-22,25373,11215,5171,1609.155606507883,12.118210772885462,8.6,6521
2019-11-22,9411,6938,3210,1288.3305447894527,14.034144224447688,5.7,6396
2020-01-29,4543,3432,1431,1340.0382995120353,14.742274920454536,5.616667,2476
2019-07-19,7078,5179,1255,915.3004007032174,7.811369857138468,7.766667,4157
2020-04-26,3631,2616,1530,1189.1372443789483,11.848188157537384,6.266667,3701
2020-11-09,8364,4575,2115,1171.1543157897597,12.180735437725838,6.116667,2827
2021-01-30,7,6,7,851.7922172498941,9.898572053113456,5.833333,2637
2020-07-11,9959,6119,2229,1274.5950813540085,11.109166342843473,7.333333,3941
2020-03-22,1086,851,523,1211.8009397166877,11.731762849915539,6.3,1402
2020-02-13,5277,3880,1580,1337.5847574267734,14.688011412085382,5.55,2219
2018-08-25,180,134,140,0,0,66.8583335,NA
2019-07-22,10449,6870,2459,871.164876551604,8.17157547683542,7.333333,4819
2019-02-22,3355,2494,829,771.4109613067435,8.275635920162886,6.316667,NA
2019-05-22,11287,7915,1641,858.5892249708697,6.876995356432707,8.216667,NA
2020-04-08,3241,2368,1344,1188.782290917992,12.056756576658705,6.2,3102
2020-04-23,5516,3819,1682,1225.2966380224002,12.104302907820982,6.35,3487
2020-10-21,11896,6780,2925,1229.1294130663193,12.045911748781906,6.466667,3725
2021-05-06,6198,3649,2355,1196.1688857119711,12.60153216573075,6.15,3872
2021-04-11,6225,3189,1960,1348.2835508535272,12.273783601544055,7.05,3064
2019-08-21,14583,10211,3188,928.6522192040541,8.985049974675325,6.8,5166
2019-06-03,8977,6372,1663,732.621448962922,6.958713252094691,7.1,NA
2020-03-05,4157,3165,1456,1164.3512519760595,12.885130968480553,5.55,2069
2021-04-14,9785,5310,2446,1346.5064487330396,13.017660810931899,6.733333,3121
2020-11-03,9746,5322,2304,1193.3163114859335,12.212972556862688,6.2916665,3082
2019-09-19,10867,7812,2934,1279.0484726990258,13.301223837204386,5.95,6583
2019-04-19,5914,3786,1015,814.2517520090411,4.838583296489567,10.075,NA
2018-10-11,1863,1413,308,0,0,7.116667,NA
2019-08-11,9287,6505,2909,838.5082931466449,7.817996994448948,7.116667,4951
2021-06-08,24304,11738,4807,1474.1386371593485,12.62000391816068,7.516667,6169
2021-05-07,13560,7361,3072,1302.708112018958,12.67410137986804,6.683333,3836
2019-09-15,6841,4975,2440,857.6232585033778,9.08953562505422,6.483333,5431
2020-10-30,13033,7062,2620,1135.84232654277,11.321262080925626,6.5,3353
2019-06-08,11447,8099,1553,881.0196782401863,5.598329596954231,10,NA
2018-12-30,1595,1177,565,742.8917332072762,6.039482654423597,8.05,NA
2019-03-28,4152,3036,656,723.7806260164687,8.167809623941768,5.966667,NA
2019-01-18,602,497,169,896.7081293671074,7.158364668653366,7.541667,NA
2019-03-16,3375,2374,783,661.6914776953063,6.012704711413226,6.966667,NA
2018-11-14,3508,2562,611,0,0,6.916667,NA
2021-07-08,27144,12246,4390,1644.5762809093014,12.592408395994351,8.6,5755
2020-12-13,4267,2586,1459,1145.5481940296663,11.321358084048894,6.616667,2622
2020-07-04,8860,5777,2140,1242.8876692238564,11.402752183591364,6.933333,3315
2021-09-11,24256,13099,5426,1405.5861151195445,11.989753979987686,7.6,6982
2020-09-17,13837,7865,3243,1232.9319589210168,12.309553483758513,6.466667,4707
2019-12-02,3744,2825,1709,1237.0557137015053,13.949930092185838,5.366667,4329
2020-06-02,8539,5646,2205,1109.3963596625854,11.226774642183543,6.45,3692
2020-08-27,15543,8961,2989,1319.0546799834674,12.281614717683,6.933333,4464
2019-09-03,11084,7886,2884,842.9927889929515,9.349761214831059,6.0083335,4895
2021-04-24,9793,5118,2283,1209.1519345007816,11.9589943054042,6.4,3069
2019-07-18,3204,2507,705,958.3540881957756,8.158951743148938,7.95,4720
2021-06-02,24389,11785,5226,1483.0833253568587,12.566083662448998,7.6,6357
2020-08-07,18318,9800,2842,1382.3390169434392,11.382726129067528,7.9,3344
2019-09-06,15259,10807,3149,833.1934195833321,8.960099993153788,6.25,5110
2021-07-28,21232,9886,4842,1411.5235315415748,11.816100075108064,7.8,6507
2019-11-25,7581,5484,2832,1298.898145331248,14.507756191292064,5.466667,5769
2018-10-21,2944,2024,560,0,0,10.833333,NA
2021-03-17,6828,3836,1903,1279.4756554330497,12.619531488433513,6.45,2835
2021-05-01,11051,5822,2479,1419.803644224945,12.118161018676759,7.616667,3146
2018-12-12,2878,2186,649,746.5421076952133,7.958184353882988,6.233333,NA
2021-09-12,14893,8401,4590,1364.2726996055776,12.7543700422332,7.05,6954
2019-08-26,14280,9887,2990,923.0442831345642,9.179711837813137,6.616667,5012
2019-10-30,8208,5985,3061,1257.860789373052,14.01623894760531,5.583333,6312
2019-01-24,2260,1688,843,755.0863224005575,8.10065280720109,6.3583335,NA
2019-08-10,12341,8662,3211,799.3527575034059,7.529749787899867,7.133333,5034
2021-08-13,29296,14551,5674,1448.4591397981653,12.042904419307387,7.983333,6902
2019-03-14,2892,2141,761,751.0163435776616,8.498292520886709,5.775,NA
2019-07-26,18686,11592,3207,887.8177834302294,7.4657149878154625,7.866667,5465
2020-03-07,3771,2928,1362,1145.4125646328132,12.087194041132863,5.916667,1991
2020-01-01,2288,1532,1075,1564.714251621763,12.205659575017041,7.516667,2375
2018-10-04,1757,1326,287,0,0,7.05,NA
2018-12-15,2295,1753,641,714.4432834198267,5.965985655919952,7.516667,NA
2020-01-23,4636,3473,1330,1373.6934125439523,14.840861210529749,5.666667,2442
2019-03-04,1941,1463,722,757.7681596310284,8.743664556272266,5.766667,NA
2019-12-21,3872,2905,1501,1284.7674970293315,13.61567701332023,5.825,3018
2019-07-01,13913,9593,2582,914.0873414702154,8.640972012873773,7.283333,6071
2019-11-17,5765,4274,2859,1317.3680848526453,13.579447546974738,6.016667,6128
2019-12-08,3196,2547,1586,1231.1690616065084,13.713164614345622,5.383333,3359
2020-08-03,10337,5814,2533,1322.8229642122858,11.651803698205915,7.366667,3288
2018-11-27,3336,2497,734,0,0,6.45,NA
2019-12-05,7342,5434,2280,1325.3248450849092,14.328726388484228,5.666667,4095
2019-01-14,922,721,383,776.369558890684,8.585001737833117,5.983333,NA
2020-04-29,4893,3335,1749,1125.1607029863583,12.200268618901406,5.783333,5119
2020-11-21,5082,2962,1722,1055.3460948815396,11.368341990252105,5.983333,2802
2019-12-27,2855,2092,1259,1209.4609514795313,13.681023657973933,5.5,2734
2019-05-21,10689,7508,1659,902.6932985942186,7.670500090181917,7.766667,NA
2021-08-27,23120,13052,5387,1235.8477563718322,12.485904717230312,6.55,7080
2019-12-12,5144,3900,1921,1287.2941735524826,14.241782585569421,5.5,3274
2020-09-22,13333,7454,3214,1286.1880097352496,12.430740281850417,6.6,4847
2021-09-04,25834,13737,5447,1359.0170469287673,11.748089251550383,7.583333,6984
2018-12-07,4139,3084,784,714.5910597721848,7.331684372145574,6.45,NA
2019-04-21,5815,3824,944,792.929178819018,4.667916071243124,10.616667,NA
2020-11-27,9948,5588,2337,1082.812101233299,11.459461528775382,6.033333,2848
2018-12-21,2441,1828,595,715.9216454655432,7.508336622276117,6.516667,NA
2021-01-28,2,2,2,798.4153615206991,7.3832270132522915,7.191667,2702
2019-06-11,8956,6511,1569,847.4300716186693,8.66590297381035,6.966667,NA
2020-07-30,7752,4433,2315,1167.8343071425093,11.377685378513881,6.683333,4312
2021-03-18,6728,3717,1925,1277.2106718958557,12.867919360549529,6.35,2916
2019-10-27,5861,4433,2638,1299.2210180890747,13.579532040430543,5.883333,5749
2019-09-01,10074,7342,2713,827.870959579416,8.26268734022441,6.95,4814
2020-08-26,14895,8393,2830,1286.7501530819782,12.192357025477255,6.816667,4357
2021-07-17,33602,13750,4934,1722.6587571864775,11.427928105674349,9.716667,6266
2021-05-12,19501,9813,3806,1455.3720445952804,12.538894237342364,7.533333,4681
2019-03-01,3903,2820,838,757.1515281429059,7.746040632892104,6.583333,NA
2020-08-05,12089,6474,2622,1310.097893878023,11.547903076579228,7.333333,3301
2021-01-10,2596,1424,1061,1028.1315666678897,10.338636271690024,6.283333,2831
2020-02-03,4073,3057,1392,1324.6855448815966,14.861559664823677,5.433333,2287
2021-06-23,26245,13197,4476,1489.4420645547618,12.448279586400183,7.683333,5565
2019-11-20,8925,6338,3312,1344.3221191821137,14.339090049111531,5.75,6465
2021-04-29,11642,6181,2719,1330.8192602730917,12.927433155474116,6.616667,3376
2020-01-30,4928,3623,1466,1321.9925915056542,14.600995155483805,5.55,2385
2020-08-06,13641,7300,2788,1330.409360236153,11.630178820246174,7.466667,3365
2019-09-29,8213,5986,2774,1325.5883210771967,12.780720282801408,6.45,5613
2019-11-09,6832,5107,3027,1186.2085215126206,12.762348785441967,5.816667,6125
2021-03-12,5738,3322,1825,1217.1335465299949,11.862460838920384,6.483333,2906
2019-01-22,1313,1045,566,766.2946177406361,8.188213131018008,6.183333,NA
2019-12-17,5871,4250,1964,1326.0605821979655,14.425990274827209,5.65,3335
2021-03-27,8971,4867,2137,1391.962129886582,12.382140560802062,7.266667,2914
2019-02-28,3218,2270,740,771.6911921097503,8.568809299453182,6.225,NA
2020-08-12,14795,8075,2791,1378.484650012718,11.98417537933597,7.433333,3626
2020-08-29,9356,5731,2400,1073.3691150984714,11.307063132468837,6.2,4567
2020-01-12,2506,1957,1058,1351.9185814398827,14.394545084526287,5.733333,3689
2020-12-28,4554,2470,1582,1020.6165700209644,10.788283119640525,6.183333,2932
2021-07-24,34736,14683,5418,1621.999468041051,11.064316465316029,9.283333,6487
2019-06-29,20717,13914,2607,981.1145668709302,7.0076256430027914,9.116667,5893
2020-03-25,2865,2023,1074,1138.0138103070385,12.371547628260783,5.783333,3291
2020-06-17,8239,5466,2076,1205.6856664935387,12.184178201598051,6.216667,3634
2019-04-29,6465,4565,950,891.7137196137021,8.15410445182486,7.3,NA
2020-10-13,12295,6830,2786,1180.7243314254506,12.162352346264978,6.216667,4178
2020-12-07,6991,4057,1899,1135.8000518782048,11.764191124545183,6.25,2753
2020-10-31,10125,5471,2326,1170.7255340016984,10.858384603665133,6.833333,3237
2021-08-02,15289,7659,4342,1331.7822058297513,12.471422761599262,7.233333,6468
2020-04-10,3490,2498,1425,1181.9259409915894,11.70242700335641,6.433333,2805
2019-12-23,3892,2649,1453,1271.3933792515204,13.792859060429747,5.566667,2838
2018-09-21,1982,1372,282,0,0,7.733333,NA
2019-03-24,4529,3091,893,717.6343451981134,5.077291412443215,8.366667,NA
2019-10-21,8313,6012,3027,1335.85757794151,14.3729575543966,5.7,6147
2019-08-02,17286,11396,3303,855.9771042325592,7.864679283447017,7.45,4870
2019-02-23,2819,2059,747,753.0899073730485,5.843264691769803,8,NA
2021-06-19,34479,15704,4684,1659.8184059610655,11.285492904000433,9.6,5524
2019-11-18,7377,5299,3064,1299.973301148739,14.188172609994671,5.633333,6400
2020-09-13,9306,5363,2754,1241.5318158228029,11.83151873703973,6.733333,4144
2021-09-14,21283,11275,5346,1421.1477216888661,13.403220130255695,6.883333,7032
2020-09-06,8880,5179,2531,1227.1904645022228,11.860151558406447,6.733333,3654
2019-09-07,12527,8933,2984,814.4642388237362,7.998325172954752,6.866667,5083
2020-02-10,3737,2802,1385,1289.5466949400238,14.77182951553689,5.333333,2353
2019-04-07,3148,2231,588,761.2583414735932,6.086669237156541,7.933333,NA
2020-01-09,4262,3188,1351,1364.236401447034,14.944129016948128,5.583333,2799
2020-04-06,3157,2277,1255,1171.7702933618,12.082515368045087,6.15,2884
2021-09-08,24809,13041,5660,1427.7408623684603,13.215355987146381,7,6991
2021-01-31,1,1,1,778.6589192578244,11.53568769270851,4.05,2615
2018-10-28,3325,2331,634,0,0,9.533333,NA
2021-05-02,7912,4081,2196,1371.318157405202,12.44402340272833,7.125,3214
2021-02-17,124,83,62,1111.6806714452423,10.602858114288843,6.6333335,1196
2020-09-30,15368,8589,3272,1250.7468823505915,12.28719675599162,6.516667,4479
2018-11-15,3725,2745,613,0,0,6.783333,NA
2020-05-31,7349,5004,2192,1225.9367287071186,10.824510147219032,7.333333,3476
2019-05-24,11014,8012,1618,746.2815613788271,6.519976310151013,7.716667,NA
2018-11-08,3287,2431,562,0,0,6.883333,NA
2018-11-05,2831,2081,548,0,0,7.25,NA
2019-04-11,3400,2540,673,793.0981239872995,8.909001678625447,6,NA
2019-03-26,4083,2834,750,689.1161661417057,8.399666449882174,5.6,NA
2021-03-08,5224,2932,1702,1266.791355605531,12.366211347204622,6.6,2686
2020-08-30,8480,5055,2378,1224.8330745372757,11.576785235590116,6.85,3426
2020-12-26,2112,1237,984,1013.9403708522592,9.978976022930254,6.383333,2867
2021-07-25,25525,11218,5120,1685.0360317394352,11.70321303777063,9.35,6458
2018-09-14,1006,702,150,0,0,7.883333,NA
2019-10-15,8381,6048,3031,1290.7935699109614,14.093091453644968,5.666667,6563
2019-04-03,3592,2690,638,831.7963731845305,8.623783590154499,6.333333,NA
2020-05-03,3161,2311,1453,1177.9030272184648,12.042018083835623,6.183333,4427
2019-01-31,1327,991,638,685.7745619118359,7.243309517549012,6.283333,NA
2019-05-04,9618,6558,1266,789.1251801781643,4.939557770256625,9.433333,NA
2020-02-06,4596,3462,1412,1326.0064645025172,14.741725827340566,5.5,2205
2019-02-06,591,450,265,795.8981843828525,7.930211689687724,6.633333,NA
2019-03-15,3034,2254,800,722.4183051542207,8.160540044637305,5.883333,NA
2019-03-17,1965,1420,757,687.1750221760199,7.334887838490045,6.416667,NA
2021-02-23,3836,2186,1042,1268.4836653044022,11.706289978452983,6.85,1375
2019-07-25,15867,10055,3235,884.4438984753192,7.61040600301826,7.916667,5463
2021-01-26,3051,1628,1167,1154.625735841737,10.675315613831852,6.6,2743
2020-03-15,2000,1529,1188,1074.3435047372236,11.819451903433066,5.975,2713
2020-05-26,9299,6017,2430,1180.3936513365886,11.339841680642538,6.65,3876
2018-09-04,880,558,117,0,0,8,NA
2019-01-30,357,283,152,734.1253337423765,6.373469912931934,7.533333,NA
2021-04-15,10244,5539,2426,1372.1153830153144,12.977230447368678,6.8,3105
2021-03-30,8975,4893,2133,1426.2430078955624,13.174316036955172,6.9,2887
2019-06-28,19979,13745,2892,933.9824430646789,7.912466080370313,8,6733
2021-08-19,22813,12125,5384,1428.4868722484298,13.1197399225766,7.066667,7079
2020-02-23,2784,2154,1268,1371.6862015152974,14.379505000779163,5.866667,2174
2019-08-12,12151,8441,3145,867.2481447010381,8.734558624376083,6.65,5076
2020-09-24,15086,8510,3266,1287.899747724623,12.239812689829474,6.8,4826
2021-03-29,7352,3963,1916,1380.4676004393941,13.163453596639359,6.8,2857
2021-01-05,5807,3134,1778,1044.6716325074174,10.973145366284099,6.116667,2892
2020-08-18,15082,8329,2821,1395.9894188835551,12.118595809705466,7.416667,4050
2018-09-26,1814,1273,308,0,0,6.883333,NA
2020-02-16,2377,1854,1155,1295.548704258572,14.428609742687923,5.416667,2131
2021-07-02,40987,18175,4810,1551.8370327154098,11.619143461712772,8.766667,5597
2019-01-08,1621,1195,591,800.3436532458434,8.678900690607211,6.133333,NA
2021-08-12,26809,12774,5574,1515.3052669699873,12.49284088358655,8.016667,6919
2020-04-24,6246,4303,1824,1152.4167303975046,12.172040162321586,6,3870
2019-12-11,5234,3934,1934,1310.7875313907316,14.40001452178166,5.616667,3287
2021-08-26,17501,9938,5005,1303.596624581766,13.06937723244764,6.533333,7065
2019-03-29,4187,3110,646,732.9979507551617,7.7205935403794905,6.266667,NA
2019-09-23,7988,5869,2229,1294.6906085834185,13.717729369917699,5.833333,6045
2020-01-06,2073,1536,1019,1329.7945805221316,14.510214828334572,5.616667,2248
2020-04-13,2173,1571,1057,1152.3913072439352,12.179839424000694,5.9,2399
2018-09-09,1545,1008,213,0,0,9.9,NA
2021-08-31,23249,12066,5537,1406.4491958197577,13.156281802672273,6.95,7029
2019-11-16,7190,5217,3220,1241.8985463517147,12.83581058780997,6.033333,6199
2019-02-10,2352,1739,985,800.9914675856514,6.266506721423736,8.266667,NA
2019-07-03,16582,11186,2919,918.2758956603016,8.77344134983272,7.1,6001
2019-09-05,11528,8170,2864,852.7174912686173,9.368806024226227,5.975,5071
2020-07-15,9621,5556,2343,1288.9576765949846,11.66329099049959,7.25,3681
2019-11-30,3519,2815,1722,1146.0319556365632,12.690529524262573,5.466667,4545
2019-08-25,11199,7882,2801,930.9122811297427,8.152951482475595,7.6,4859
2020-01-10,5091,3779,1403,1321.9873189350953,14.851590697424324,5.533333,3526
2020-09-10,14520,8134,3216,1212.7945106037773,12.348666514188446,6.35,4048
2020-07-21,9093,5051,2368,1325.7019896615025,11.414013332481701,7.533333,3678
2021-05-25,15365,7857,4130,1342.6122763764552,12.940285581211963,6.7,5347
2020-10-18,7272,4225,2344,1126.94510477656,11.429787837880236,6.216667,3716
2021-08-20,28012,14907,5655,1394.3867808713608,12.533312683968736,7.275,7061
2020-04-27,3799,2662,1523,1128.5688236775184,12.29131928901088,5.766667,4565
2020-05-20,8348,5505,2374,1098.8450049334506,11.542260905707844,6.116667,4604
2018-12-19,1764,1336,515,753.20402106645,8.15710199971312,6.383333,NA
2021-06-27,19725,8566,4097,1558.9394259152239,11.270036234785106,9.316667,5476
2021-06-11,37219,17213,5138,1526.8285572731004,11.709348966501171,8.45,5894
2021-04-09,9166,5003,2294,1259.615730663618,12.707141943252015,6.45,3054
2020-02-17,4246,3077,1476,1370.45888968086,14.916029356679399,5.566667,2167
2020-02-11,4650,3430,1504,1329.2495392320297,14.853858297948944,5.416667,2334
2019-12-15,3680,2780,1624,1327.5273122157064,14.111354261201491,5.9,3077
2020-04-21,4877,3404,1630,1216.4292070762403,12.022344736204087,6.383333,2821
2020-07-14,8903,5070,2220,1280.7330080504953,11.447814543140835,7.3,4189
2020-06-30,8189,5344,1953,1239.9420711465123,12.164426657793726,6.466667,3968
2019-06-24,13706,9100,2769,951.9922263404583,8.7535685764073925,7.416667,NA
2018-09-30,1321,923,258,0,0,10.1,NA
2021-09-01,22285,11996,5418,1383.4493894413831,13.347738123562381,6.733333,7032
2020-02-22,3130,2449,1352,1265.200827558906,14.03273418339515,5.6,2191
2019-07-31,13126,8635,3101,825.0583767133244,8.203406812377082,6.816667,5078
2020-09-18,18724,10623,3370,1256.4896327114338,12.033377177593309,6.783333,4451
2019-05-18,11333,8090,1617,917.8736410282959,6.395724268571124,9.4,NA
2019-02-27,3685,2561,844,829.4710784903639,8.597886609892933,6.6,NA
2020-02-20,4869,3607,1558,1325.6771307381039,14.972387359446756,5.466667,2182
2021-04-23,13086,7085,2607,1258.9847511081666,12.743831429571223,6.266667,3268
2021-04-16,12870,6866,2543,1364.9886209707802,12.688828312674172,6.883333,3076
2019-05-06,6719,4816,1039,859.3068480841182,8.512075847588816,6.7,NA
2020-01-07,3351,2436,1228,1375.7486337510181,14.889661536994124,5.683333,2295
2019-10-25,15097,10568,3862,1317.8584740582885,13.929758144570075,5.833333,5755
2021-01-25,2588,1421,1115,1154.8076054804656,10.618334523378447,6.95,2676
2018-12-23,344,270,201,607.8401335677203,5.472494497789189,7.475,NA
2018-12-16,878,675,365,729.8802279499012,6.301183687447356,8.016667,NA
2021-03-09,5137,2855,1692,1273.2963656110253,12.290356404270273,6.683333,2766
2020-02-27,1985,1523,976,1231.271169626131,13.758363733920374,5.516667,2143
2018-09-28,1597,1216,257,0,0,6.8,NA
2020-10-15,13298,7544,2891,1211.2651138740866,12.123041495503685,6.366667,4114
2018-11-19,3421,2477,667,0,0,6.916667,NA
2018-10-26,3460,2539,595,0,0,7.5,NA
2019-10-17,9226,6751,3201,1323.5722308338754,14.130205129529745,5.783333,7764
2021-08-01,20566,9686,4760,1554.882605195864,11.776490938735405,8.483333,6473
2020-09-28,13286,7265,3068,1263.781253306419,12.37914661754473,6.5916665,4483
2020-06-21,5260,3529,1817,1378.0642419268925,11.825891454649106,7.516667,3745
2021-03-31,7647,4222,2025,1327.7617979141532,13.011093327507862,6.55,2914
2020-05-24,4754,3264,1848,1154.0973286832887,11.393369202660843,6.6416665,3790
2018-11-18,3104,2209,597,0,0,10,NA
2021-06-10,31123,14177,4967,1539.2869589226982,12.183341856664127,8.233333,5980
2021-04-08,9563,5030,2374,1333.4007293569332,12.804708590401969,6.766667,3013
2019-08-31,19083,12530,3292,855.2523857601661,7.255523867559473,7.616667,4814
2019-02-26,3250,2306,758,846.6408052610634,8.243208280506817,7,NA
2020-02-07,5638,4235,1550,1294.7638708058792,14.521108921997786,5.466667,2284
2019-12-29,2240,1600,1130,1289.4335724116374,13.534128267600877,5.8083335,2542
2020-05-11,4468,3090,1692,1076.7819414996884,12.247968941857543,5.533333,5597
2020-12-12,6122,3674,1761,1135.822365323827,11.074343554408546,6.8,2697
2019-11-26,7583,5544,2841,1318.8704779042014,14.428503013676636,5.566667,5462
2019-10-31,9263,6731,3222,1307.099769776698,13.7747003922532,5.9,6349
2018-12-02,2516,1846,594,0,0,7.966667,NA
2019-03-27,4654,3319,759,691.4925822445524,7.928575427015579,5.766667,NA
2020-09-09,12367,7103,2963,1224.1266408812917,12.40958137179644,6.35,3980
2020-04-14,3063,2156,1269,1063.9408221839399,12.205968517918588,5.4,2753
2020-05-08,9109,6064,2436,1210.3155571980253,11.910406957550274,6.433333,5661
2021-07-05,27063,11880,4488,1610.7407829614215,12.319058268975935,8.583333,5560
2021-02-21,2313,1230,717,1238.534395787353,10.918727394832098,7.05,1090
2018-11-13,3538,2583,610,0,0,6.8,NA
2018-11-22,3998,2923,794,0,0,6.783333,NA
2020-07-12,6290,4003,1941,1253.1175033407203,11.759044300913292,6.966667,3906
2021-03-24,7810,4381,2111,1364.436564024426,13.25788165205739,6.7,2963
2020-06-16,6427,4387,1956,1187.9551569593912,12.037627768951477,6.233333,3616
2019-01-27,935,701,525,637.7415294910102,6.079548116160593,6.583333,NA
2019-04-13,3905,2785,644,797.2376674407619,6.3860958919212,8.066667,NA
2019-09-30,10052,7090,3075,1277.032077892873,13.843819366232623,5.733333,5914
2021-09-09,25580,13430,5684,1449.1371355110937,13.292720737540186,7.1,7006
2019-11-01,10726,7748,3432,1295.5101471837927,13.299502540624843,6.066667,6318
2019-01-01,954,717,393,656.6005712072472,4.44248886889911,9.4666665,NA
2021-08-17,16975,9211,4841,1408.2618115670668,13.0538553416253,7.1,6967
2021-04-25,6672,3415,1936,1241.8666563385602,12.279980278832376,6.366667,2930
2020-10-24,10114,5931,2568,1087.5938020672552,10.95356089537895,6.4,3634
2019-05-02,5658,3932,1020,781.5655328821609,7.829758987830914,6.8,NA
2018-12-04,3346,2437,680,0,0,6.45,NA
2021-07-19,20851,9276,4608,1620.5971304157945,12.39041459447736,8.433333,6420
2021-05-13,19143,9174,3676,1600.467798927517,11.623066650609585,8.9,4546
2019-12-18,4802,3607,1775,1246.042114490328,14.26444582770799,5.366667,3294
2021-09-06,19668,10365,5215,1386.747884517848,13.443448214337693,6.7,7011
2019-02-20,4470,3353,1302,842.6711368853578,8.281911770042125,6.9,NA
2019-04-04,3975,2932,664,794.6933413849921,8.361209748912307,6.366667,NA
2020-04-07,2977,2142,1212,1139.4200707833809,12.034687211347427,5.95,2971
2020-03-27,4003,2866,1412,1141.5842020081302,12.2524751387823,5.883333,4568
2019-05-08,7295,5237,1279,871.4836814536476,8.73049296242968,6.733333,NA
2018-10-13,1853,1354,353,0,0,11.066667,NA
2019-02-19,3816,2815,1200,815.5682932549771,7.75497074323885,7.233333,NA
2020-07-07,9071,5622,2225,1287.3826610490275,12.003129625235257,6.916667,3892
2020-04-18,4259,3066,1476,1164.8056091701062,11.9071106837072,6.2,2655
2021-05-17,12264,6419,3392,1361.2328954027203,12.999058743972835,6.7416665,4941
2021-09-07,22103,11647,5393,1406.824302987445,13.233198101376763,6.833333,7005
2019-10-10,10990,7775,3554,1352.669783313152,14.159288565617674,5.933333,6687
2019-03-02,3866,2793,863,783.5506688428206,5.3408477137598975,8.95,NA
2020-07-01,9621,6115,2060,1252.3153045363772,12.159145218940065,6.633333,3858
2020-06-23,9863,6203,2392,1362.0968187017277,12.048101970668043,7.1,4006
2021-02-25,6072,3456,1644,1329.2388498371981,12.608443041800417,6.683333,2096
2018-12-24,6,5,4,482.9131465352511,5.263314767460776,13.5583335,NA
2020-02-12,4794,3517,1521,1325.843721551379,14.994134103268383,5.45,2273
2020-03-26,3121,2272,1181,1191.9175767235463,12.453053547796484,5.9,4422
2019-08-24,17379,11849,3072,868.4460836618525,7.612417204494827,7.583333,4954
2020-11-14,8179,4725,2041,1171.4930187972097,11.219647957241786,6.7,2783
2018-10-03,1431,1089,250,0,0,7.033333,NA
2020-09-08,11639,6777,2829,1225.1908762743315,12.374916627305316,6.366667,3708
2020-10-12,10875,6012,2641,1207.678380777893,12.453951097848938,6.283333,4133
2020-06-27,14797,9269,2463,1469.6814289598842,11.267729311533206,8.233333,4050
2021-01-02,4170,2277,1501,1044.698638976022,10.348910978118305,6.3583335,2880
2018-10-10,1530,1205,244,0,0,7.2,NA
2020-07-24,14308,7705,2744,1273.5225313076219,10.746111391642838,7.633333,3671
2020-10-19,10478,5866,2765,1129.1011951402932,12.016707238198688,5.966667,3756
2018-08-26,40,29,24,0,0,10.7,NA
2019-05-17,10968,8106,1655,939.1475234734606,8.050476136442812,7.9,NA
2020-02-29,2938,2279,1135,1128.420734017005,12.414177358682716,5.675,1759
2020-11-04,9440,5233,2218,1160.436395036225,12.073944501118161,6.066667,2930
2019-01-20,797,613,372,611.3791892146315,5.686955950270165,7.133333,NA
2019-01-17,751,604,320,737.1422142097081,7.320859017686335,6.333333,NA
2020-01-15,4493,3309,1330,1409.2320535785148,14.969531566529913,5.766667,4251
2019-04-14,3378,2402,627,800.5097903181347,6.21885489711926,8.266667,NA
2019-07-27,19692,11984,3161,895.3860294429603,6.857277672528447,8.683333,4859
2019-11-12,6919,5078,3148,1297.982153888672,14.151784655653515,5.55,6346
2019-01-07,2000,1480,613,858.1550615320086,8.342249696767285,6.9,NA
2018-08-28,50,37,13,0,0,6.4916665,NA
2019-11-13,7607,5404,3292,1276.2103741798721,14.05881155046996,5.616667,6483
2019-03-08,2617,1973,781,758.8284596315383,8.640331119114782,5.85,NA
2018-11-23,4080,3095,782,0,0,6.8,NA
2019-09-11,11666,8252,3049,853.362795084869,9.464745853699053,5.95,5708
2019-03-18,2363,1764,790,768.6827940440523,9.086748199011081,5.6,NA
2019-06-21,11866,7457,2718,823.9600198861688,6.059897896177982,9.116667,NA
2021-03-04,6120,3348,1760,1331.859067437225,12.428036504735907,6.766667,2525
2019-07-15,7222,5086,2325,839.3819264852609,8.76487648037007,6.5,6397
2018-12-14,2729,2109,585,737.5683004530598,7.743762349453673,6.35,NA
2018-10-30,1439,1067,347,0,0,7.316667,NA
2021-06-13,20036,9595,4437,1186.9009077352284,9.28942747316,10.5583335,5756
2020-03-19,3040,2171,1397,1142.148165866622,12.064429202836003,5.916667,3098
2019-08-08,12625,8625,3210,838.1150308190291,8.544984490704776,6.716667,5537
2019-02-05,776,601,335,893.3210210726008,7.410789508823059,7.5666665,NA
2018-11-01,3510,2563,585,0,0,7.55,NA
2019-12-20,6310,4578,1820,1311.5502061866273,14.300709769791,5.6916665,3175
2020-09-16,13990,7946,3225,1232.741035532606,12.429784147792802,6.35,4369
2018-09-11,374,284,74,0,0,7.775,NA
2019-11-27,7987,5839,2878,1341.1382043745343,14.282251959953651,5.733333,5353
2021-06-28,28016,11913,4676,1521.6778629320083,11.646828439098758,8.666667,5610
2020-11-25,8510,4869,2233,1152.6219253804686,12.002421650087282,6.216667,2845
2020-09-04,18986,10853,3137,1253.0446771825275,12.002787206929062,6.766667,3691
2021-08-29,17703,9618,4940,1388.780938869631,12.363297281397909,7.366667,7034
2018-09-08,1534,974,213,0,0,9.1833335,NA
2021-05-23,11753,5843,3502,1468.7492302820885,12.380046350903822,7.65,5091
2020-03-24,2017,1472,771,1209.9660471293325,12.565879269968006,6.016667,2622
2021-01-16,5,5,5,1054.663044258803,10.97337208053251,5.333333,2768
2019-07-20,11721,7816,2061,906.7824912401644,6.885682057184949,8.666667,4048
2020-01-16,4447,3346,1301,1358.6960999811743,15.021324749455738,5.583333,4144
2019-09-04,11241,8078,2816,866.1151713488962,9.477421740254812,6.083333,4883
2021-09-16,21930,11862,5365,1336.7978910765669,13.508943770663041,6.45,7054
2020-11-12,9358,5178,2193,1218.1747734007477,12.18675311623228,6.45,2835
2020-03-10,3879,2922,1447,1113.3647556712392,12.326360304380044,5.583333,2516
2020-11-08,7347,4139,1961,1168.7472411367812,11.590453648040558,6.516667,2804
2021-06-20,25148,11274,4379,1601.2108422517726,11.197588917568794,9.933333,5511
2019-02-02,501,398,214,772.3238871004506,5.049481442989688,9.433333,NA
2021-03-13,6196,3562,1861,1342.2527049035602,11.900502353229982,7.175,2855
2019-08-23,13767,10104,2857,846.9752335411425,8.825071262833545,6.383333,5052
2020-01-05,2034,1598,1045,1309.8230930680795,14.229697418722537,5.566667,2329
2020-10-07,12400,7028,2676,1233.751463000517,12.313173019442052,6.433333,4201
2020-11-20,9008,5174,2161,1105.6619268385948,11.845295872349913,6.016667,2794
2020-02-04,4236,3184,1381,1299.0508812269618,14.826169381018108,5.3083335,2344
2018-09-17,1258,872,188,0,0,7.466667,NA
2018-09-19,1350,945,193,0,0,7.333333,NA
2020-01-11,3225,2490,1162,1308.1575716147765,14.23669384457319,5.683333,3805
2018-12-25,33,27,8,1255.3252327230498,8.86631671990167,8.6,NA
2020-01-02,3266,2209,1324,1463.1489955411084,13.817296594587448,6.3916665,2470
2021-05-21,15537,8431,3848,1403.5533213954031,12.745631079876796,7.15,4827
2018-11-02,3119,2307,519,0,0,8.2,NA
2018-11-20,3823,2801,716,0,0,6.866667,NA
2020-04-28,3397,2389,1463,1020.8432495063294,12.021552968650088,5.25,4716
2021-03-15,6073,3393,1813,1329.415924317468,12.726944402554084,6.683333,2830
2020-10-01,14752,8273,3202,1232.383160010876,12.329820149034106,6.475,4557
2018-10-02,1508,1144,233,0,0,7.0083335,NA
2021-08-15,16334,8734,4727,1427.8636670303256,12.453088781024675,7.533333,6891
2020-07-31,15138,8234,2799,1302.8247386957482,10.857590231546073,7.7,4524
2021-08-23,20616,10786,5330,1451.0241100301307,13.238543690063047,7.116667,7063
2020-11-16,7361,4186,1968,1194.021276377178,12.332460515364287,6.366667,2762
2021-01-21,4789,2686,1597,1151.7699564641496,11.56443231552522,6.266667,2607
2018-12-27,1594,1175,563,737.163720309584,6.591876206874373,7.3,NA
2021-04-06,7541,3995,2131,1350.8423516052128,12.942118796604321,6.683333,2949
2020-05-25,6353,4215,2081,1136.0690449256394,11.599142145256598,6.233333,3946
2019-10-12,11801,8413,3469,1362.9315555256537,12.946112922057583,6.516667,5482
2019-03-03,995,772,493,719.6429114419067,6.293242120161057,7.183333,NA
2020-07-19,9118,5059,2256,1483.0599470615912,11.16054946761377,8.683333,3629
2019-08-01,14571,9637,3200,863.9090575398935,8.131955382235772,7.2,4784
2020-11-15,5828,3194,1743,1181.5566266439982,11.502052953819952,6.65,2720
2019-03-10,2819,2076,892,769.1670228741343,6.670902356536529,7.433333,NA
2020-05-30,10894,7249,2485,1202.1160127726578,10.651103551697584,7.233333,3577
2020-09-03,13389,7828,2946,1284.5458528613483,12.382243872106239,6.7,3685
2019-04-28,7281,5088,1137,856.6302655116671,6.16091826310382,8.95,NA
2021-02-20,2463,1261,718,1129.7011357676531,10.49739157495261,6.8,1002
2021-06-16,27734,12838,4634,1465.1403043494056,11.465998031311294,8.316667,5676
2020-03-23,1305,980,453,1159.0717448351934,12.328693525105695,5.683333,1249
2018-10-09,1506,1129,262,0,0,7.5083335,NA
2021-04-05,4306,2189,1554,1189.7623750072448,12.249282465901555,6.316667,2856
2018-12-29,1613,1190,573,726.270977783803,6.0027098074513985,7.683333,NA
2019-04-08,2307,1750,528,749.7013698008313,8.971463695192947,5.666667,NA
2019-04-10,3191,2438,683,780.2830313428573,9.085480870775305,5.75,NA
2020-11-17,7810,4412,2080,1208.4311726852136,12.260159543014485,6.466667,2788
2021-07-11,24105,11424,4513,1695.129491743293,12.333545134973916,8.916667,5788
2020-12-31,5085,3062,1658,969.0226874394784,10.450443732533843,6.05,2904
2020-05-16,6918,4857,2197,1159.1359624857619,11.530944692811353,6.425,4444
2018-09-22,2118,1421,364,0,0,10.7416665,NA
2020-09-02,12756,7450,2877,1251.8953314996745,12.421832935465064,6.483333,3664
2019-09-28,7219,5383,2576,1232.2116983442183,12.133504841090561,6.266667,5617
2020-09-15,13304,7442,3200,1284.8211475244736,12.49359913948095,6.616667,4482
2021-07-04,26928,12259,4445,1671.0736165147694,11.743090300001217,9.4,5484
2020-03-12,3224,2540,1539,1070.26948038871,12.065649260855352,5.566667,2663
2020-06-14,7115,4879,2122,1289.8798312451504,11.191427336141963,7.366667,3410
2020-07-23,9979,5432,2531,1298.18850610471,11.228498100745835,7.433333,3668
2020-08-13,14335,7883,2731,1349.8796875158835,11.919133999173168,7.4,3451
2021-04-04,6675,3333,1940,1469.8709120207247,11.980055884689444,7.833333,2915
2019-06-19,16211,10957,2765,962.201201434999,8.803168347503354,7.416667,NA
2019-05-30,8775,6212,1571,745.0324548129978,6.023357058693156,8.183333,NA
2020-10-02,20245,11744,3296,1294.2939353584202,12.058956447524157,6.95,4587
2021-05-04,11065,5850,2673,954.6931370934651,10.274413914973424,6.566667,3629
2020-06-20,5327,3484,1776,1299.9002245637216,11.20249033719522,7.7,3589
2021-04-26,8683,4579,2166,1288.9984914177373,12.995064636100851,6.3,2890
2019-10-09,9997,7178,3327,1299.5618557964528,13.891836541693934,5.766667,6872
2020-10-14,12805,7174,2862,1172.5996531155265,12.05588706765608,6.216667,4143
2020-06-04,9042,5970,2314,1157.633663049151,11.299217684189635,6.516667,3626
2019-05-07,6981,5011,1274,836.5989786592787,8.65152628668843,6.466667,NA
2019-05-20,9440,6541,1613,941.8652497180736,8.319416050466735,7.766667,NA
2020-11-24,7198,4100,2137,1155.2063681488494,12.06085194987823,6.133333,2864
2020-06-19,6287,4029,1906,1275.639434836528,11.073561824470975,7.533333,3757
2020-08-23,10461,6073,2546,1322.3196680825056,11.79096139331219,7.3,3335
2018-11-25,2462,1859,587,0,0,8.9,NA
2020-09-21,11937,6680,3084,1261.5293276585332,12.587781847967076,6.533333,4605
2021-05-10,10838,5616,3019,1389.8947962684892,12.911529860786613,7.075,4275
2019-06-26,12973,8898,2918,842.8398934427411,8.555460907214382,6.733333,7027
2021-01-09,4822,2632,1553,995.2066758089152,10.243713245638432,6.225,2891
2021-05-19,15745,8107,3647,1413.4722940339886,12.99097306196921,7.05,4644
2020-07-06,7505,4597,2047,1279.4919067618532,12.124302731292067,6.733333,3619
2020-12-30,5187,2760,1677,1009.6624470261652,10.558830157239553,6.15,2944
2020-01-03,3831,2708,1382,1355.6823939920625,13.95521738961904,5.95,2491
2020-12-06,4899,2994,1646,1169.9615185356643,11.429358972696683,6.566667,2726
2019-06-04,11001,7856,1731,792.7837886540409,6.985057090243263,7.716667,NA
2019-03-19,3413,2545,866,765.0182523372458,8.662344104156467,5.8,NA
2018-09-05,724,499,97,0,0,7.95,NA
2019-12-16,4596,3424,1811,1331.9627616749012,14.652777082437101,5.6,3354
2020-12-01,7434,4300,2030,1115.667928018434,11.90550198722297,6.016667,2738
2021-05-09,6809,3624,2345,1302.9419771435485,12.564987349180802,6.65,3917
2021-08-16,17890,9312,4833,1387.740263750785,12.980044274769,6.95,6910
2019-05-01,6250,4253,1070,821.567226122833,6.344158251664154,8.516667,NA
2021-01-04,5253,2725,1663,1055.6628909257652,10.97238669967184,6.366667,2880
2019-10-14,6010,4543,2497,1258.0807469805945,13.995429947921076,5.583333,6426
2018-11-04,2810,2088,536,0,0,10.95,NA
2020-10-27,12055,6574,2630,1177.3198512156873,11.8117962001951,6.433333,3537
2020-05-15,7767,5248,2219,1105.5645169358258,11.817972153933061,5.933333,4586
2019-10-23,10361,7387,3325,1364.0425568492835,14.478220280528825,5.833333,5839
2018-12-22,1080,792,386,675.1597096811472,6.459168491393655,7.025,NA
2020-08-28,19521,11343,3011,1265.46602192255,11.86655493458476,7.033333,4401
2021-07-18,19385,8872,4303,1601.3627153318594,11.89418735272367,8.766667,6243
2020-05-02,5581,3872,1950,1196.3403467658236,11.63793638816785,6.533333,4436
2019-08-07,14795,9905,3340,913.152509992894,8.424204676434941,7.266667,5211
2018-10-31,3159,2227,569,0,0,7.55,NA
2020-12-23,6325,3322,1724,1014.325403599724,10.743428380247378,6,2772
2019-01-09,1349,1032,442,754.8121048419647,8.569402224197663,5.916667,NA
2018-12-10,2802,2112,670,720.596944113978,8.017316210873698,6.116667,NA
2021-03-16,6773,3692,1885,1344.6262202155228,12.576298066902341,6.866667,2833
2019-10-13,7235,5327,2865,1409.0504024240681,13.742957092376367,6.4,5489
2018-09-27,1616,1203,249,0,0,7.033333,NA
2021-08-22,16649,9095,4777,1445.2104488428706,12.476715478862573,7.616667,7013
2020-03-18,2505,1815,1322,1066.1726556239594,12.137181306296618,5.483333,2770
2018-12-09,2232,1596,606,648.6807217224089,5.136369081441863,7.9583335,NA
2021-03-11,2846,1811,1321,1203.113422950174,12.12337891759158,6.3416665,2883
2019-03-13,1600,1239,624,724.5593419712416,8.198071105639222,5.6916665,NA
2020-12-14,6451,3820,1769,1117.1937995627413,11.70061246117209,6.066667,2657
2020-02-26,3945,2959,1528,1289.0772579167271,15.267910999025517,5.283333,2177
2018-08-24,1,1,1,0,0,224.483333,NA
2018-09-23,2479,1694,419,0,0,11.016667,NA
2020-11-01,6178,3536,1970,1114.1236916488956,11.49908610503093,6.333333,3171
2021-01-12,2651,1444,1066,1083.1574558252562,9.383835862983195,7.166667,2909
2019-07-02,13131,9225,2666,872.7254224301763,8.849486093102453,6.666667,6308
2019-09-21,12496,8761,2810,1373.070132937532,12.030177874133702,7.083333,6293
2018-10-01,1541,1114,249,0,0,6.833333,NA
2019-05-28,8862,6363,1585,736.0250685164556,6.802078719333446,7.133333,NA
2018-10-15,2158,1523,358,0,0,8.425,NA
2019-02-24,2609,1880,741,901.2352424268206,5.966586235015976,9,NA
2018-09-13,1082,695,166,0,0,7.616667,NA
2021-02-26,8239,4665,1960,1308.808526317929,12.306088884400864,6.866667,2402
2021-03-07,4370,2398,1586,1224.4775707314975,11.976042665168443,6.525,2603
2019-10-28,8127,5904,3103,1271.802159129576,14.259246380704793,5.533333,6633
2019-02-21,2561,1884,671,795.4156143216405,8.726689880932675,6.183333,NA
2019-02-14,5136,3743,1624,777.8274463695009,7.523510730516829,7.183333,NA
2020-05-22,8710,5752,2458,1176.6542715511405,11.308625089646364,6.6,4035
2018-11-03,3109,2188,559,0,0,10.383333,NA
2020-05-18,5277,3534,1939,1104.168237912583,11.923864129389068,5.95,4881
2021-01-13,2766,1527,1088,1067.0922140361358,9.68300518854467,6.916667,2912
2019-10-07,8799,6364,3134,1280.7010910623376,13.70396583101058,5.75,6998
2020-07-22,10270,5662,2570,1326.3682578579496,11.343147009452391,7.55,3630
2019-03-11,2746,2007,779,783.3580782103647,8.989769703875092,5.65,NA
2019-09-18,10671,7711,2939,1064.6692232652724,11.35098566750777,5.883333,6278
2020-10-10,10729,6391,2593,1170.1681848050637,11.498877197363017,6.6,3852
2018-09-02,569,315,111,0,0,10.216667,NA
2018-10-18,2223,1584,411,0,0,7.85,NA
2021-05-28,23324,11583,4857,1390.6150969703694,12.216077645878133,7.366667,5894
2021-07-29,24722,10889,5106,1522.9890766462468,11.791517354664498,8.266667,6512
2019-11-15,11035,7986,3800,1274.9509216370595,14.038111745738316,5.633333,6656
2019-03-20,3838,2736,914,770.6960550696974,8.612338725692851,5.933333,NA
2019-06-05,11752,8599,1570,845.3550376141496,6.7704126602020285,8.225,NA
2019-07-21,6739,4611,1866,857.1099542191754,7.220690335772784,7.666667,4412
2020-11-05,9715,5396,2172,1159.9852240239736,12.147934901947277,6.116667,2820
2018-10-22,2977,1965,528,0,0,7.833333,NA
2019-05-12,6307,4404,1073,832.767132858782,6.725634846480961,8.45,NA
2021-05-16,10582,5393,3074,1455.9511092679068,12.354310465239859,7.566667,4604
2021-08-30,21559,11145,5409,1416.854368073436,13.138455756105996,7.05,7060
2019-05-14,8012,5651,1288,896.5798946884363,8.643421565507259,7,NA
2021-04-19,9716,5153,2302,1418.4946989352818,13.108965287241059,7.016667,3066
2019-07-13,18216,11695,3574,860.6625152637455,7.044480732324328,8.05,6036
2020-04-11,3369,2415,1384,1145.370374316202,11.760818858866475,6.25,2574
2019-01-15,1554,1178,523,760.8898202871765,8.580233609993936,5.866667,NA
2020-03-17,2711,1911,1363,1115.7769283561759,12.252167431241105,5.766667,2750
2020-08-22,16697,9349,2820,1419.807238146739,11.295774033685937,8.083333,4491
2018-11-16,3713,2784,608,0,0,7.15,NA
2020-05-29,11897,7701,2534,1139.0098425986178,10.939435411611576,6.65,3699
2021-08-03,22769,10184,4973,1501.8248827919986,11.821813742582181,8.45,6511
2021-08-05,23522,11153,5201,1511.1680212107153,12.0930849924415,8.2,6608
2018-09-01,186,118,41,0,0,10.4083335,NA
2018-12-20,2449,1810,623,749.464049515543,7.955669466880996,6.55,NA
2020-06-10,9784,6418,2376,1207.3958033719782,11.261137097834592,6.916667,3485
2021-01-14,888,609,546,1098.5387592593504,9.109736427351155,7.6,2819
2020-06-25,13708,8640,2544,1426.434530343643,11.93613388612135,7.6,4308
2020-10-17,13359,7597,2802,1185.8170374682531,11.120382808410248,6.783333,3728
2020-01-24,5977,4473,1505,1360.417132618613,14.456770508517234,5.833333,2359
2019-07-11,16637,10600,3432,919.4865964716421,8.509856411872954,7.316667,6826
2021-01-03,3659,1992,1405,1036.530372968695,10.423471717174523,6.266667,2838
2021-03-19,8049,4546,2096,1229.7078425279772,12.483726802780351,6.25,2945
2018-12-26,1219,942,481,668.3373189597544,5.792091037620338,7.5,NA
2020-08-15,20155,10700,2866,1452.6363572246728,11.16001337408361,8.333333,3239
2019-05-11,7401,5308,1058,842.5959359140992,6.064008637458806,8.916667,NA
2018-10-23,2579,1809,512,0,0,6.9,NA
2019-08-18,7794,5771,2477,864.0431012677752,8.261720339484373,7.166667,5007
2020-12-02,7588,4493,1999,1132.058201808545,11.965733409515117,6.033333,2734
2020-07-18,13614,7083,2493,1398.8103193245915,10.566322925028828,8.633333,3366
2020-05-19,6121,4058,2120,1105.0112007668486,11.876992581271622,5.883333,4776
2020-12-08,7428,4296,1910,1134.6780109566262,11.759263568730127,6.216667,2756
2021-01-01,3977,2206,1459,1099.2624481312434,9.605304048511169,7.116667,2846
2020-03-04,2946,2240,1194,1118.2690730293816,12.885115757868837,5.333333,1959
2019-01-26,1332,1059,686,555.1230361165644,5.068252375641624,6.95,NA
2019-10-20,5897,4390,2586,1345.4352837883962,13.301654868521144,6.216667,5752
2020-05-06,6271,4163,2132,1183.4389033934867,12.25629446165265,6.066667,5462
2020-12-16,7614,4497,1908,1188.982103192227,11.700614177988193,6.516667,2653
2020-04-09,4247,2984,1568,1141.4789950636825,11.988546886069136,6,3061
2020-03-06,5286,3995,1548,1177.472727885552,12.584597318457583,5.716667,2035
2020-08-16,13141,7198,2582,1411.3598567994322,11.510634838266443,7.916667,3168
2020-04-16,3837,2671,1378,1134.883705962271,12.236515557603944,5.816667,2715
2021-05-14,13214,6630,3272,1328.6233812770968,12.326991924274868,7.05,4625
2020-08-25,14377,8079,2835,1289.1658311798749,12.179123786138014,6.9,4348
2021-01-23,5594,3424,1858,1167.8511669883023,11.107164514215386,6.716667,2667
2021-07-03,39536,17381,4713,1641.9169031419856,10.965215196252993,9.65,5542
2018-09-10,753,508,194,0,0,7.516667,NA
2019-09-27,16578,11674,3331,1308.3490986777233,12.95808620284531,6.283333,6214
2019-02-04,544,409,285,719.273207847622,6.563175553163035,7.433333,NA
2020-01-17,5195,3947,1386,1368.804848042289,14.608774108604619,5.666667,4040
2019-06-18,14645,9976,2601,957.2880393557482,8.598423224405261,7.5,NA
2019-06-27,18698,12341,3160,908.8671039746124,8.468046045245995,7.4,7030
2020-09-20,9324,5425,2718,1245.6243411361165,11.901701453899223,6.816667,4363
2019-05-16,8500,6158,1298,946.3165654155205,8.741415646270884,7.35,NA
2021-06-26,20752,8354,4076,1692.4657300798262,10.330088221770193,10.666667,5508
2019-07-28,14456,9211,3023,889.0864341470025,7.163428665483741,8.483333,4752
2021-04-18,8294,4361,2188,1513.7368672282898,12.486996861286634,8.016667,3050
2021-01-29,1,1,1,656.0517560540567,8.22922120689557,4.783333,2686
2020-12-22,5596,3182,1644,1056.912309647164,11.02999020747538,6.183333,2743
2020-03-09,3841,2878,1410,1185.0164436792395,13.123695610623749,5.616667,2365
2020-07-08,7215,4719,2048,1166.7558612196997,12.073861191242871,6.3,3881
2021-03-06,6082,3356,1788,1279.9152756132225,12.03375475087036,6.783333,2631
2021-03-25,8777,4870,2279,1340.8424898179162,12.995670849519874,6.666667,3012
2020-08-19,16096,8858,2847,1401.8600829885922,12.139157529543553,7.45,4288
2021-04-30,14239,7592,2779,1321.019063925744,12.677889397829201,6.85,3415
2019-07-06,18762,12292,3259,896.8170433548178,7.3254902302548555,8.166667,6026
2019-07-12,16800,11159,3414,845.9288952861514,8.197030180899066,7.05,7049
2021-05-29,25441,12231,4974,1509.1452740000261,11.425304268691946,8.566667,5989
2018-11-09,3580,2604,596,0,0,7.066667,NA
2020-04-01,3332,2338,1326,1153.8686830494828,12.404460049373688,5.8416665,4343
2019-10-01,10981,7797,3274,1247.0624492306229,13.71535232576745,5.616667,6294
2020-11-10,9055,4946,2188,1145.9376302723515,12.129874863704819,6.066667,2848
2021-08-11,24160,11725,5470,1478.7067431883402,12.676154678193075,7.683333,6920
2019-12-07,5669,4270,2054,1264.7715369559078,13.185380424021599,5.916667,3423
2020-11-11,9647,5404,2216,1225.397645420915,12.057794205949115,6.433333,2831
2018-11-11,2957,2076,558,0,0,8.6,NA
2019-08-29,14246,10117,3039,909.7209555194206,9.134538462848127,6.6,5247
2020-03-13,4244,3154,1764,1096.4645608708597,11.867568354190993,5.783333,2913
2020-09-27,11549,6474,2914,1269.5408461938423,11.552888650439415,7.166667,4340
2019-12-25,2394,1759,1227,1224.9414550075664,12.965419924990432,5.75,2638
2021-07-12,23191,10469,4541,1649.7991393476616,12.447371438015553,8.616667,5951
2019-04-01,3042,2253,619,797.0869080763157,8.23600133473305,6.4583335,NA
2021-07-30,27015,12524,5195,1463.3855135233025,11.596139722594616,8.183333,6486
2018-11-24,3705,2646,774,0,0,8.583333,NA
2019-01-12,1995,1520,557,697.178246937684,6.108824589810141,7.216667,NA
2019-04-24,7134,4900,1063,893.1347353218339,8.109328370359613,7.283333,NA
2020-08-11,13556,7249,2674,1349.6680113375983,11.7772614047638,7.533333,3832
2020-01-22,4533,3395,1311,1352.5306236644315,14.856414447231723,5.533333,2373
2019-06-17,13160,9089,2389,975.8823879590509,8.617386373955025,7.6916665,NA
2019-10-29,7877,5729,3036,1277.3323442795302,14.037579984675236,5.6,6478
2019-01-04,1953,1486,617,752.689666339408,7.039277364903836,6.95,NA
2020-11-02,8137,4586,2189,1180.3396688412338,11.966030728538788,6.35,3163
2021-04-12,8117,4439,2198,1329.9046920069372,13.12915632990461,6.566667,3108
2018-12-03,2836,2048,648,0,0,6.4,NA
2019-06-07,13837,9712,1649,796.9834414053179,6.202362643392674,8.516667,NA
2020-09-14,11540,6557,2959,1246.0209259986761,12.49118282908686,6.4,4321
2019-01-05,2180,1663,621,698.9423989212311,6.119831421179159,7.816667,NA
2020-11-19,7477,4307,2061,1126.1848507512875,12.132567647737238,5.966667,2765
2019-09-08,8132,5827,2643,821.5906910624094,8.480372952515172,6.533333,5054
2020-10-03,15830,8912,2853,1263.534374388194,11.191277597787025,7.283333,4207
2019-12-30,3620,2468,1392,1312.726511899576,13.240917010012724,5.966667,2591
2020-01-20,3927,2919,1236,1345.5696019175389,14.907420122868007,5.516667,2176
2019-10-05,10977,7903,3445,1237.103350539551,12.248607261269287,6.116667,5786
2019-09-09,9917,7097,2834,846.5009336765752,9.346376044969166,6.116667,5415
2020-04-25,5006,3542,1664,1176.5438032290886,11.830428481184372,6.35,4016
2020-01-21,4466,3278,1302,1368.4143557825364,14.955987594055618,5.65,2220
2019-03-25,3898,2760,768,722.9115847450939,8.21858658768291,5.816667,NA
2019-12-24,1992,1395,1067,1262.8396911466273,13.307511370404232,5.783333,2637
2019-05-09,7379,5316,1220,883.917198946421,8.74960974815529,6.733333,NA
2021-09-02,23842,12716,5447,1401.7914883433027,13.315125770539016,6.833333,7040
2020-06-18,8495,5486,2158,1251.2593822868748,12.054624581713785,6.65,3538
2021-05-31,17324,8521,4553,1402.6827717082874,12.795441456966042,7.125,6211
2021-07-15,29097,12612,4954,1659.516749321641,12.37711385202388,8.666667,6207
2020-02-15,4331,3214,1509,1313.3044370357438,13.550161609187455,5.916667,2131
2021-03-26,9324,5120,2185,1368.848733325681,12.618425528285243,6.966667,2927
2019-06-16,11965,8085,2079,949.6406849635664,7.478214216447688,8.783333,NA
2019-02-17,6153,4552,1676,784.0071942291222,4.707460028479826,10.033333,NA
2019-07-30,12189,8103,2922,849.0327178077418,8.312138161742586,6.983333,5061
2019-11-06,7862,5764,2889,1275.486001085524,14.386519867005635,5.416667,6629
2020-06-11,9636,6283,2315,1228.8176956141378,11.296107367402268,6.916667,3512
2018-12-28,1919,1396,593,718.8515752911799,6.105306177655442,7.483333,NA
2021-07-31,25678,11874,4978,1465.4914405587554,11.158385356512841,8.416667,6466
2020-03-01,1971,1569,1004,1141.573731063647,12.700124740793004,5.65,1853
2020-01-19,2743,2194,1134,1400.0690115363896,14.262580345429248,6,2269
2021-04-28,11240,5979,2575,1327.5946258925858,12.926572370482894,6.633333,3164
2019-01-02,789,617,331,786.0464947246895,7.139567342762177,7.05,NA
2019-12-19,5817,4227,1790,1293.3165043244924,14.305210020539773,5.55,3299
2019-09-22,6026,4456,2096,1336.7232496163524,13.014108750580718,6.316667,6018
2020-06-29,9065,5897,2028,1302.7103035375703,12.04187454182346,6.883333,3904
2021-03-05,6934,3797,1807,1239.4578122054181,12.10629524034647,6.566667,2604
2020-07-17,13155,7357,2569,1372.2491704388672,11.237118329907938,7.9,3344
2021-06-06,23722,10825,4714,1693.7815458497594,11.606659713684259,9.4,6184
2021-04-01,8787,4556,2116,1315.0122079507992,12.541295926317646,6.8,2940
2019-05-31,10621,7688,1694,814.5193953697357,6.228225359212909,8.766667,NA
2021-02-28,5516,3032,1677,1369.429354851684,12.026521074608672,7.4416665,2404
2020-12-27,3068,1721,1278,1033.6926212676135,10.768284011158723,6.116667,2889
2019-03-05,2565,1887,780,794.7162525528195,8.96314954927142,5.883333,NA
2021-07-23,31651,13598,5408,1529.6668090115556,11.428925791047355,8.566667,6522
2021-05-15,13647,6853,3337,1417.4535530903001,11.890558476115562,7.633333,4631
2021-03-03,6325,3484,1731,1377.0507793856511,12.59967342189444,6.966667,2468
2020-05-04,3400,2424,1546,1092.112446574088,12.24532738792655,5.55,5703
2018-12-11,2894,2173,663,758.9802157467716,7.98089021778404,6.3083335,NA
2020-11-13,9568,5360,2155,1173.171146252166,11.809324453440961,6.433333,2855
2020-12-05,6931,4228,1852,1168.2679903995984,11.06130404803699,6.783333,2782
2021-01-22,6001,3459,1736,1112.9487967275052,11.461462340083319,6.216667,2540
2019-03-06,2416,1834,738,797.0867578225641,8.77608775026648,5.983333,NA
2019-08-06,11776,8108,3001,875.1991508484411,8.667478229939691,6.783333,5539
2019-02-03,471,366,199,718.2411578754876,4.608191008952001,9.833333,NA
2019-07-09,13584,8929,3162,881.5472785032007,8.786844637566986,6.9,6582
2019-11-03,5545,4321,2521,1283.6346854519286,13.508823463214249,5.95,5908
2020-12-21,5170,3113,1609,1092.329497438427,11.049057278787325,6.433333,2703
2019-04-18,5622,3894,808,850.6791527847249,6.516142419177479,8.583333,NA
2019-04-15,3877,2816,733,834.0469263220782,8.106651632994932,6.966667,NA
2021-09-05,16460,9124,4808,1381.8599722303065,12.464956662605463,7.283333,6973
2020-04-05,2162,1592,1024,1120.5662743096123,11.783763401152164,6.0416665,2765
2019-01-16,1233,946,471,754.480734686264,8.529099395630729,5.783333,NA
2019-05-25,12494,8707,1619,760.8361805902089,5.259123416663147,9.1583335,NA
2020-10-29,12646,6854,2591,1185.1475540122583,11.66031767047118,6.616667,3397
2019-11-29,3576,2854,1650,1173.1544287019062,13.067880779207304,5.525,4884
2021-03-23,8144,4463,2145,1458.211099072149,13.092468894908166,7.116667,2946
2019-03-30,4543,3223,735,760.2845725493119,5.071649379251871,8.766667,NA
2019-12-31,2954,2055,1299,1320.8684470495882,12.566947695031558,6.3416665,2439
2020-01-26,3274,2484,1224,1366.7109982947263,14.041969658395981,5.8916665,2173
2019-11-19,6837,4930,3009,1288.791138795318,14.289591931705692,5.516667,6358
2020-03-14,3064,2345,1491,1031.2160174193382,11.270436998119512,5.733333,2754
2021-07-26,25453,10691,5081,1625.21096460892,11.78532292407836,8.9,6515
2020-03-20,3254,2344,1343,1049.2106839194907,12.01061910428888,5.575,2782
2019-06-13,10322,7427,1996,881.3220714540629,8.684427415108278,6.95,NA
2019-11-04,6766,5028,2694,1304.3198762673999,14.495641353408285,5.533333,6323
2021-04-27,10762,5541,2402,1289.6780361561484,12.783811487315877,6.4583335,3065
2021-05-18,15289,7847,3670,1443.4260543731066,12.912891727843814,7.266667,4741
2021-02-24,5073,2866,1358,1341.9339696344275,12.245189619112484,6.95,1777
2020-12-25,1461,829,778,971.8273614231448,9.41792428440551,6.583333,2840
2021-09-10,29857,15770,5801,1390.9669936866167,12.863211663024135,7.033333,7001
2019-11-23,8127,5961,2965,1289.8265898740174,13.391633468402592,5.983333,6109
2021-03-20,7065,3886,2006,1370.117191382391,12.270073408262935,7.233333,2951
2019-09-10,11975,8386,3106,861.0197367825112,9.361205219441386,6.183333,5653
2021-09-03,29302,15749,5734,1364.7556029003613,12.875947129647543,6.916667,7007
2020-05-28,8524,5586,2270,1139.1284973698623,11.548559654855874,6.216667,3753
2019-03-09,2821,2103,857,670.5294604080593,5.838674303585796,7.3,NA
2019-08-13,14010,9677,3238,907.4901995065733,8.703221193429854,6.916667,5228
2020-06-12,12482,8166,2474,1247.8819578492958,11.029307846594437,7.216667,3465
2021-01-15,22,20,21,1086.3270133365268,9.117007783136287,7.9333335,2782
2019-05-27,8544,6074,1575,712.7882893607915,7.093696742157681,6.8083335,NA
2020-09-11,18607,10693,3517,1274.8321215836172,12.069064675176579,6.8,4246
2019-12-09,5434,3990,2021,1283.464372985698,14.381452894413137,5.516667,3526
2019-10-03,10061,7234,3199,1239.6138198661083,13.63328106153752,5.583333,6264
2021-07-13,25365,11242,4780,1657.0562820123212,12.397942819586294,8.733333,6110
2020-02-28,3423,2606,1316,1124.0104145695648,12.746146312205363,5.383333,2448
2020-03-02,3740,2835,1369,1200.2099541653843,13.233238834388576,5.583333,1904
2020-01-31,5663,4275,1544,1336.3603454955537,14.495209043279345,5.633333,2286
2019-04-30,8077,5701,1169,850.9063482189355,7.98033825720041,7.166667,NA
2020-04-19,2777,2059,1200,1264.846733183106,11.973194149471286,6.666667,2542
2021-04-07,8921,4590,2289,1347.0641949430053,12.899765965045784,6.7,3005
2020-08-04,12385,6721,2687,1357.723534263623,11.60449780556824,7.566667,3343
2020-03-31,2806,1979,1266,1074.1572490956728,12.238618622184283,5.5,4241
2019-04-05,4438,3311,679,815.7854011587838,8.483590798446365,6.383333,NA
2020-08-21,18127,10345,2928,1344.7221929996715,11.99830537356098,7.283333,3927
2021-03-14,4897,2600,1616,1343.5871359460034,12.163369847752056,7.016667,2797
2019-01-23,1730,1332,702,747.8984382857374,8.145862045288453,6.166667,NA
2020-08-17,13751,7618,2670,1372.6959660744324,11.990253349109887,7.366667,3355
2020-05-01,2794,2070,1394,1033.8840842102356,12.139782466298081,5.483333,4500
2021-06-17,28158,13349,4589,1420.4667461158888,11.341867953617532,8.25,5579
2020-10-25,8123,4497,2335,1152.324925238477,11.016279264995582,6.833333,3654
2019-11-21,8014,5760,3086,1348.2334166860187,14.347527119550413,5.766667,6365
2019-04-16,4222,3052,694,861.6663206424803,7.932558836066536,7.1416665,NA
2021-06-04,34930,16168,5450,1524.761674816627,11.9005611949034,8.25,6352
2021-07-09,27959,13282,4491,1506.2811877954427,12.195581055484574,8.016667,5813
2018-08-30,33,19,11,0,0,9.433333,NA
2018-09-18,1533,1006,218,0,0,7.333333,NA
2018-11-30,2822,2155,668,0,0,6.566667,NA
2021-01-11,2984,1757,1196,1019.8763981075981,10.444573818760801,6.35,2877
2018-10-19,2652,1886,440,0,0,7.816667,NA
2018-09-12,926,625,188,0,0,8.283333,NA
2019-02-18,3812,2881,1227,797.0993025383552,7.788714345724875,7.125,NA
2020-06-08,7529,4933,2074,1136.7730543496216,11.535176783354073,6.333333,3489
2021-08-25,20281,11000,5199,1309.7888231855216,13.134373331909037,6.516667,7039
2020-04-22,5234,3637,1690,1271.1285180370826,12.154607662677188,6.65,3368
2019-01-06,1977,1488,639,743.8291064391206,6.143581316663238,7.716667,NA
2020-12-11,7543,4493,1910,1048.5159806624197,11.342468515826182,6.066667,2718
2019-02-25,2903,2109,774,925.9635101961355,8.789644126334142,6.783333,NA
2019-01-29,331,263,113,778.9986295216302,7.501360319989135,6.7,NA
2020-11-29,4734,2878,1787,1047.55806527515,11.338416131717178,5.9,2787
2019-06-09,8500,5945,1453,784.4599879459137,5.852700947973156,8.733333,NA
2019-12-14,3873,2980,1689,1214.3379371152105,13.484366867335082,5.483333,3167
2018-10-25,3508,2461,603,0,0,7.3083335,NA
2020-03-30,2238,1630,1155,1031.4459455778538,12.375373511342463,5.266667,3586
2020-06-22,7425,4863,2133,1294.0338025112305,12.238962231940274,6.8,3843
2021-05-20,16395,8267,3698,1444.003463996703,12.921222120675218,7.266667,4650
2019-06-25,15324,10115,2963,923.7742719202531,8.772984997336199,7.2,6300
2018-10-24,3002,2093,513,0,0,6.9916665,NA
2019-01-28,325,264,167,736.3206896164145,6.686669615369135,7.533333,NA
2019-04-09,2532,1940,622,747.6477385718454,8.66492640461085,5.833333,NA
2019-10-08,9552,6837,3201,1250.4370297959367,13.74178213689931,5.616667,6676
2021-07-20,22161,9652,4701,1576.0818603815294,12.152748430164415,8.366667,6438
2018-09-16,907,622,168,0,0,11.466667,NA
2020-08-02,9974,5583,2431,1341.5574254992696,11.051897840191604,7.866667,3298
2021-05-22,15478,7786,3910,1460.4933958304684,11.927818430399608,7.866667,5089
2021-06-29,33534,15462,4849,1567.7663318727837,12.281357157588165,8.416667,5542
2020-10-05,12235,6826,2725,1267.5556886003922,12.412286093633096,6.616667,4453
2020-08-08,18086,9556,2721,1433.235780573501,10.884700791270047,8.375,3271
2019-04-02,3601,2691,682,796.3836395573778,8.436482520065201,6.25,NA
2019-06-02,8941,6240,1530,792.4707473384877,5.596798022295185,9.283333,NA
2019-12-04,5968,4454,2121,1303.3032923318187,14.208227412162586,5.55,4138
2019-08-22,13507,9518,3086,922.2577585812353,9.16530621787186,6.566667,4995
2020-11-26,8555,4808,2210,1117.1422574114442,11.828497211550836,6.066667,2821
2020-05-12,4365,3077,1703,1057.9887936458254,12.269288980661377,5.533333,5424
2019-09-20,13213,9515,2979,1262.1858221940543,13.04876869504863,5.983333,6843
2019-09-16,8862,6450,2668,868.8646160800188,9.808007662449427,5.766667,5734
2021-05-05,7067,3874,2319,1055.0998993259639,11.575744777734794,5.916667,3642
2019-10-04,13067,9392,3583,1211.1965364663083,13.245041281346547,5.633333,6326
2021-07-06,28864,12870,4526,1651.1796606614653,12.710852316223937,8.466667,5611
2021-06-09,22888,11674,4710,1441.2012665687084,12.590893557748473,7.433333,6113
2020-01-18,3761,2883,1259,1377.9866737635928,14.093531151628662,6.083333,3120
2021-03-22,6667,3651,1988,1338.9050236900923,13.072108411023182,6.666667,2930
2020-01-13,3846,2862,1271,1324.8057817283673,14.915633734703874,5.45,4138
2021-09-15,23036,12239,5459,1426.6281852988286,13.481245717188077,6.816667,7028
2020-10-09,16657,9422,2980,1199.6373256192876,11.762050062128445,6.516667,4271
2020-10-22,10966,6239,2725,1174.8560617358387,11.90941394644534,6.283333,3638
2021-02-18,1079,669,450,1132.5021607899746,10.981596253356422,6.616667,875
2021-08-21,25142,13534,5347,1431.7576355696694,11.857444092496781,7.85,7048
2021-07-14,27629,12296,4935,1694.6955246286552,12.536239539669882,8.783333,6214
2019-10-16,8911,6395,3151,1311.0591194102699,13.99907214073629,5.716667,6273
2018-12-17,330,245,111,843.6818798564461,7.396081014504505,8.475,NA
2019-07-16,8768,5939,2213,849.0592528818206,8.405841713817173,6.833333,5781
2020-05-27,7060,4736,2169,1108.6620603276838,11.768614542809566,6.066667,3830
2019-11-24,5482,4015,2495,1273.647841478573,13.654697413106243,5.783333,5917
2021-04-03,6091,3145,1835,1393.463604062204,12.082111284489528,7.6,2883
2021-06-15,26160,12008,4617,1467.2118555026277,11.716209219834038,8.116667,5715
2021-06-03,26303,12367,5219,1501.8789606726607,12.483700996784155,7.75,6348
2019-11-07,7825,5826,3002,1298.0086036267614,14.110320125870516,5.633333,6713
2020-05-05,5011,3408,1917,1145.4126098785418,12.195272794360767,5.966667,6068
2021-04-13,9007,4847,2284,1345.59154944399,13.01983828911753,6.683333,3104
2019-12-13,6304,4710,2083,1300.8782393972058,14.300381909386637,5.633333,3220
2018-11-06,3108,2281,551,0,0,7.016667,NA
2020-06-07,6047,4225,2005,1161.0045909629264,11.128797862198882,6.633333,3348
2020-06-05,9321,6338,2347,1104.2102524203665,11.270644384411757,6.2,3577
2021-07-16,31902,13817,4971,1605.0256699723268,11.865238763308795,8.75,6211
2020-06-13,11213,7391,2428,1272.0362655386537,10.820349336366853,7.583333,3400
2020-03-16,2403,1805,1326,1126.085010992809,12.162308925946187,5.816667,2765
2019-06-22,11536,7327,2637,855.7614870040909,6.1794968882867405,9.3416665,NA
2019-12-06,7805,5773,2295,1348.8252090255037,13.906346673773676,5.933333,3836
2018-09-29,1574,1117,295,0,0,9.125,NA
